step,action,action_name,reward,reward_ext,reward_ride,reward_train,ride_control_reward,ride_count_scale,done,truncated,agent_x,agent_y,agent_dir,carrying
1,0,left,0.0,0.0,0.0,0.0,0.0,1.0,False,False,1,6,0,
2,3,pickup,0.0,0.0,0.0,0.0,0.0,0.7071067811865475,False,False,1,6,0,
3,3,pickup,0.0,0.0,0.0,0.0,0.0,0.5773502691896258,False,False,1,6,0,
4,3,pickup,0.0,0.0,0.0,0.0,0.0,0.5,False,False,1,6,0,
5,3,pickup,0.0,0.0,0.0,0.0,0.0,0.4472135954999579,False,False,1,6,0,
6,3,pickup,0.0,0.0,0.0,0.0,0.0,0.4082482904638631,False,False,1,6,0,
7,3,pickup,0.0,0.0,0.0,0.0,0.0,0.3779644730092272,False,False,1,6,0,
8,3,pickup,0.0,0.0,0.0,0.0,0.0,0.35355339059327373,False,False,1,6,0,
9,3,pickup,0.0,0.0,0.0,0.0,0.0,0.3333333333333333,False,False,1,6,0,
10,3,pickup,0.0,0.0,0.0,0.0,0.0,0.31622776601683794,False,False,1,6,0,
11,3,pickup,0.0,0.0,0.0,0.0,0.0,0.30151134457776363,False,False,1,6,0,
12,3,pickup,0.0,0.0,0.0,0.0,0.0,0.2886751345948129,False,False,1,6,0,
13,3,pickup,0.0,0.0,0.0,0.0,0.0,0.2773500981126146,False,False,1,6,0,
14,3,pickup,0.0,0.0,0.0,0.0,0.0,0.2672612419124244,False,False,1,6,0,
15,3,pickup,0.0,0.0,0.0,0.0,0.0,0.2581988897471611,False,False,1,6,0,
16,3,pickup,0.0,0.0,0.0,0.0,0.0,0.25,False,False,1,6,0,
17,3,pickup,0.0,0.0,0.0,0.0,0.0,0.24253562503633297,False,False,1,6,0,
18,3,pickup,0.0,0.0,0.0,0.0,0.0,0.23570226039551587,False,False,1,6,0,
19,3,pickup,0.0,0.0,0.0,0.0,0.0,0.22941573387056174,False,False,1,6,0,
20,3,pickup,0.0,0.0,0.0,0.0,0.0,0.22360679774997896,False,False,1,6,0,
21,3,pickup,0.0,0.0,0.0,0.0,0.0,0.2182178902359924,False,False,1,6,0,
22,3,pickup,0.0,0.0,0.0,0.0,0.0,0.21320071635561041,False,False,1,6,0,
23,3,pickup,0.0,0.0,0.0,0.0,0.0,0.20851441405707477,False,False,1,6,0,
24,3,pickup,0.0,0.0,0.0,0.0,0.0,0.20412414523193154,False,False,1,6,0,
25,3,pickup,0.0,0.0,0.0,0.0,0.0,0.2,False,False,1,6,0,
26,3,pickup,0.0,0.0,0.0,0.0,0.0,0.19611613513818404,False,False,1,6,0,
27,3,pickup,0.0,0.0,0.0,0.0,0.0,0.19245008972987526,False,False,1,6,0,
28,3,pickup,0.0,0.0,0.0,0.0,0.0,0.1889822365046136,False,False,1,6,0,
29,3,pickup,0.0,0.0,0.0,0.0,0.0,0.18569533817705186,False,False,1,6,0,
30,3,pickup,0.0,0.0,0.0,0.0,0.0,0.18257418583505536,False,False,1,6,0,
31,3,pickup,0.0,0.0,0.0,0.0,0.0,0.1796053020267749,False,False,1,6,0,
32,3,pickup,0.0,0.0,0.0,0.0,0.0,0.17677669529663687,False,False,1,6,0,
33,3,pickup,0.0,0.0,0.0,0.0,0.0,0.17407765595569785,False,False,1,6,0,
34,3,pickup,0.0,0.0,0.0,0.0,0.0,0.17149858514250882,False,False,1,6,0,
35,3,pickup,0.0,0.0,0.0,0.0,0.0,0.1690308509457033,False,False,1,6,0,
36,3,pickup,0.0,0.0,0.0,0.0,0.0,0.16666666666666666,False,False,1,6,0,
37,3,pickup,0.0,0.0,0.0,0.0,0.0,0.1643989873053573,False,False,1,6,0,
38,3,pickup,0.0,0.0,0.0,0.0,0.0,0.16222142113076254,False,False,1,6,0,
39,3,pickup,0.0,0.0,0.0,0.0,0.0,0.16012815380508713,False,False,1,6,0,
40,3,pickup,0.0,0.0,0.0,0.0,0.0,0.15811388300841897,False,False,1,6,0,
41,3,pickup,0.0,0.0,0.0,0.0,0.0,0.15617376188860607,False,False,1,6,0,
42,3,pickup,0.0,0.0,0.0,0.0,0.0,0.1543033499620919,False,False,1,6,0,
43,3,pickup,0.0,0.0,0.0,0.0,0.0,0.15249857033260467,False,False,1,6,0,
44,3,pickup,0.0,0.0,0.0,0.0,0.0,0.15075567228888181,False,False,1,6,0,
45,3,pickup,0.0,0.0,0.0,0.0,0.0,0.14907119849998599,False,False,1,6,0,
46,3,pickup,0.0,0.0,0.0,0.0,0.0,0.14744195615489714,False,False,1,6,0,
47,3,pickup,0.0,0.0,0.0,0.0,0.0,0.14586499149789456,False,False,1,6,0,
48,3,pickup,0.0,0.0,0.0,0.0,0.0,0.14433756729740646,False,False,1,6,0,
49,3,pickup,0.0,0.0,0.0,0.0,0.0,0.14285714285714285,False,False,1,6,0,
50,3,pickup,0.0,0.0,0.0,0.0,0.0,0.1414213562373095,False,False,1,6,0,
51,3,pickup,0.0,0.0,0.0,0.0,0.0,0.14002800840280097,False,False,1,6,0,
52,3,pickup,0.0,0.0,0.0,0.0,0.0,0.1386750490563073,False,False,1,6,0,
53,3,pickup,0.0,0.0,0.0,0.0,0.0,0.13736056394868904,False,False,1,6,0,
54,3,pickup,0.0,0.0,0.0,0.0,0.0,0.13608276348795434,False,False,1,6,0,
55,3,pickup,0.0,0.0,0.0,0.0,0.0,0.13483997249264842,False,False,1,6,0,
56,3,pickup,0.0,0.0,0.0,0.0,0.0,0.1336306209562122,False,False,1,6,0,
57,3,pickup,0.0,0.0,0.0,0.0,0.0,0.13245323570650439,False,False,1,6,0,
58,3,pickup,0.0,0.0,0.0,0.0,0.0,0.13130643285972254,False,False,1,6,0,
59,3,pickup,0.0,0.0,0.0,0.0,0.0,0.13018891098082389,False,False,1,6,0,
60,3,pickup,0.0,0.0,0.0,0.0,0.0,0.12909944487358055,False,False,1,6,0,
61,3,pickup,0.0,0.0,0.0,0.0,0.0,0.12803687993289598,False,False,1,6,0,
62,3,pickup,0.0,0.0,0.0,0.0,0.0,0.1270001270001905,False,False,1,6,0,
63,3,pickup,0.0,0.0,0.0,0.0,0.0,0.1259881576697424,False,False,1,6,0,
64,3,pickup,0.0,0.0,0.0,0.0,0.0,0.125,False,False,1,6,0,
65,3,pickup,0.0,0.0,0.0,0.0,0.0,0.12403473458920847,False,False,1,6,0,
66,3,pickup,0.0,0.0,0.0,0.0,0.0,0.12309149097933272,False,False,1,6,0,
67,3,pickup,0.0,0.0,0.0,0.0,0.0,0.12216944435630522,False,False,1,6,0,
68,3,pickup,0.0,0.0,0.0,0.0,0.0,0.12126781251816648,False,False,1,6,0,
69,3,pickup,0.0,0.0,0.0,0.0,0.0,0.1203858530857692,False,False,1,6,0,
70,3,pickup,0.0,0.0,0.0,0.0,0.0,0.11952286093343936,False,False,1,6,0,
71,3,pickup,0.0,0.0,0.0,0.0,0.0,0.11867816581938533,False,False,1,6,0,
72,3,pickup,0.0,0.0,0.0,0.0,0.0,0.11785113019775793,False,False,1,6,0,
73,3,pickup,0.0,0.0,0.0,0.0,0.0,0.11704114719613057,False,False,1,6,0,
74,3,pickup,0.0,0.0,0.0,0.0,0.0,0.11624763874381928,False,False,1,6,0,
75,3,pickup,0.0,0.0,0.0,0.0,0.0,0.11547005383792514,False,False,1,6,0,
76,3,pickup,0.0,0.0,0.0,0.0,0.0,0.11470786693528087,False,False,1,6,0,
77,3,pickup,0.0,0.0,0.0,0.0,0.0,0.11396057645963795,False,False,1,6,0,
78,3,pickup,0.0,0.0,0.0,0.0,0.0,0.11322770341445956,False,False,1,6,0,
79,3,pickup,0.0,0.0,0.0,0.0,0.0,0.1125087900926024,False,False,1,6,0,
80,3,pickup,0.0,0.0,0.0,0.0,0.0,0.11180339887498948,False,False,1,6,0,
81,3,pickup,0.0,0.0,0.0,0.0,0.0,0.1111111111111111,False,False,1,6,0,
82,3,pickup,0.0,0.0,0.0,0.0,0.0,0.11043152607484653,False,False,1,6,0,
83,3,pickup,0.0,0.0,0.0,0.0,0.0,0.10976425998969035,False,False,1,6,0,
84,3,pickup,0.0,0.0,0.0,0.0,0.0,0.1091089451179962,False,False,1,6,0,
85,3,pickup,0.0,0.0,0.0,0.0,0.0,0.10846522890932808,False,False,1,6,0,
86,3,pickup,0.0,0.0,0.0,0.0,0.0,0.10783277320343841,False,False,1,6,0,
87,3,pickup,0.0,0.0,0.0,0.0,0.0,0.10721125348377948,False,False,1,6,0,
88,3,pickup,0.0,0.0,0.0,0.0,0.0,0.10660035817780521,False,False,1,6,0,
89,3,pickup,0.0,0.0,0.0,0.0,0.0,0.105999788000636,False,False,1,6,0,
90,3,pickup,0.0,0.0,0.0,0.0,0.0,0.10540925533894598,False,False,1,6,0,
91,3,pickup,0.0,0.0,0.0,0.0,0.0,0.10482848367219183,False,False,1,6,0,
92,3,pickup,0.0,0.0,0.0,0.0,0.0,0.10425720702853739,False,False,1,6,0,
93,3,pickup,0.0,0.0,0.0,0.0,0.0,0.10369516947304253,False,False,1,6,0,
94,3,pickup,0.0,0.0,0.0,0.0,0.0,0.10314212462587934,False,False,1,6,0,
95,3,pickup,0.0,0.0,0.0,0.0,0.0,0.10259783520851541,False,False,1,6,0,
96,3,pickup,0.0,0.0,0.0,0.0,0.0,0.10206207261596577,False,False,1,6,0,
97,3,pickup,0.0,0.0,0.0,0.0,0.0,0.10153461651336192,False,False,1,6,0,
98,3,pickup,0.0,0.0,0.0,0.0,0.0,0.10101525445522107,False,False,1,6,0,
99,3,pickup,0.0,0.0,0.0,0.0,0.0,0.10050378152592121,False,False,1,6,0,
100,3,pickup,0.0,0.0,0.0,0.0,0.0,0.1,False,False,1,6,0,
101,3,pickup,0.0,0.0,0.0,0.0,0.0,0.09950371902099892,False,False,1,6,0,
102,3,pickup,0.0,0.0,0.0,0.0,0.0,0.09901475429766744,False,False,1,6,0,
103,3,pickup,0.0,0.0,0.0,0.0,0.0,0.09853292781642932,False,False,1,6,0,
104,3,pickup,0.0,0.0,0.0,0.0,0.0,0.09805806756909202,False,False,1,6,0,
105,3,pickup,0.0,0.0,0.0,0.0,0.0,0.09759000729485333,False,False,1,6,0,
106,3,pickup,0.0,0.0,0.0,0.0,0.0,0.09712858623572641,False,False,1,6,0,
107,3,pickup,0.0,0.0,0.0,0.0,0.0,0.09667364890456635,False,False,1,6,0,
108,3,pickup,0.0,0.0,0.0,0.0,0.0,0.09622504486493763,False,False,1,6,0,
109,3,pickup,0.0,0.0,0.0,0.0,0.0,0.09578262852211514,False,False,1,6,0,
110,3,pickup,0.0,0.0,0.0,0.0,0.0,0.09534625892455924,False,False,1,6,0,
111,3,pickup,0.0,0.0,0.0,0.0,0.0,0.0949157995752499,False,False,1,6,0,
112,3,pickup,0.0,0.0,0.0,0.0,0.0,0.0944911182523068,False,False,1,6,0,
113,3,pickup,0.0,0.0,0.0,0.0,0.0,0.09407208683835973,False,False,1,6,0,
114,3,pickup,0.0,0.0,0.0,0.0,0.0,0.0936585811581694,False,False,1,6,0,
115,3,pickup,0.0,0.0,0.0,0.0,0.0,0.09325048082403138,False,False,1,6,0,
116,3,pickup,0.0,0.0,0.0,0.0,0.0,0.09284766908852593,False,False,1,6,0,
117,3,pickup,0.0,0.0,0.0,0.0,0.0,0.09245003270420485,False,False,1,6,0,
118,3,pickup,0.0,0.0,0.0,0.0,0.0,0.09205746178983235,False,False,1,6,0,
119,3,pickup,0.0,0.0,0.0,0.0,0.0,0.09166984970282113,False,False,1,6,0,
120,3,pickup,0.0,0.0,0.0,0.0,0.0,0.09128709291752768,False,False,1,6,0,
121,3,pickup,0.0,0.0,0.0,0.0,0.0,0.09090909090909091,False,False,1,6,0,
122,3,pickup,0.0,0.0,0.0,0.0,0.0,0.09053574604251853,False,False,1,6,0,
123,3,pickup,0.0,0.0,0.0,0.0,0.0,0.09016696346674323,False,False,1,6,0,
124,3,pickup,0.0,0.0,0.0,0.0,0.0,0.08980265101338746,False,False,1,6,0,
125,3,pickup,0.0,0.0,0.0,0.0,0.0,0.08944271909999159,False,False,1,6,0,
126,3,pickup,0.0,0.0,0.0,0.0,0.0,0.0890870806374748,False,False,1,6,0,
127,3,pickup,0.0,0.0,0.0,0.0,0.0,0.08873565094161139,False,False,1,6,0,
128,3,pickup,0.0,0.0,0.0,0.0,0.0,0.08838834764831843,False,False,1,6,0,
129,3,pickup,0.0,0.0,0.0,0.0,0.0,0.08804509063256238,False,False,1,6,0,
130,3,pickup,0.0,0.0,0.0,0.0,0.0,0.08770580193070293,False,False,1,6,0,
131,3,pickup,0.0,0.0,0.0,0.0,0.0,0.0873704056661038,False,False,1,6,0,
132,3,pickup,0.0,0.0,0.0,0.0,0.0,0.08703882797784893,False,False,1,6,0,
133,3,pickup,0.0,0.0,0.0,0.0,0.0,0.086710996952412,False,False,1,6,0,
134,3,pickup,0.0,0.0,0.0,0.0,0.0,0.08638684255813601,False,False,1,6,0,
135,3,pickup,0.0,0.0,0.0,0.0,0.0,0.08606629658238704,False,False,1,6,0,
136,3,pickup,0.0,0.0,0.0,0.0,0.0,0.08574929257125441,False,False,1,6,0,
137,3,pickup,0.0,0.0,0.0,0.0,0.0,0.0854357657716761,False,False,1,6,0,
138,3,pickup,0.0,0.0,0.0,0.0,0.0,0.08512565307587486,False,False,1,6,0,
139,3,pickup,0.0,0.0,0.0,0.0,0.0,0.08481889296799709,False,False,1,6,0,
140,3,pickup,0.0,0.0,0.0,0.0,0.0,0.08451542547285165,False,False,1,6,0,
141,3,pickup,0.0,0.0,0.0,0.0,0.0,0.0842151921066519,False,False,1,6,0,
142,3,pickup,0.0,0.0,0.0,0.0,0.0,0.08391813582966891,False,False,1,6,0,
143,3,pickup,0.0,0.0,0.0,0.0,0.0,0.08362420100070908,False,False,1,6,0,
144,3,pickup,0.0,0.0,0.0,0.0,0.0,0.08333333333333333,False,False,1,6,0,
145,3,pickup,0.0,0.0,0.0,0.0,0.0,0.08304547985373997,False,False,1,6,0,
146,3,pickup,0.0,0.0,0.0,0.0,0.0,0.0827605888602368,False,False,1,6,0,
147,3,pickup,0.0,0.0,0.0,0.0,0.0,0.08247860988423225,False,False,1,6,0,
148,3,pickup,0.0,0.0,0.0,0.0,0.0,0.08219949365267865,False,False,1,6,0,
149,3,pickup,0.0,0.0,0.0,0.0,0.0,0.08192319205190406,False,False,1,6,0,
150,3,pickup,0.0,0.0,0.0,0.0,0.0,0.08164965809277261,False,False,1,6,0,
151,3,pickup,0.0,0.0,0.0,0.0,0.0,0.08137884587711594,False,False,1,6,0,
152,3,pickup,0.0,0.0,0.0,0.0,0.0,0.08111071056538127,False,False,1,6,0,
153,3,pickup,0.0,0.0,0.0,0.0,0.0,0.08084520834544433,False,False,1,6,0,
154,3,pickup,0.0,0.0,0.0,0.0,0.0,0.08058229640253803,False,False,1,6,0,
155,3,pickup,0.0,0.0,0.0,0.0,0.0,0.08032193289024989,False,False,1,6,0,
156,3,pickup,0.0,0.0,0.0,0.0,0.0,0.08006407690254357,False,False,1,6,0,
157,3,pickup,0.0,0.0,0.0,0.0,0.0,0.07980868844676221,False,False,1,6,0,
158,3,pickup,0.0,0.0,0.0,0.0,0.0,0.079555728417573,False,False,1,6,0,
159,3,pickup,0.0,0.0,0.0,0.0,0.0,0.07930515857181442,False,False,1,6,0,
160,3,pickup,0.0,0.0,0.0,0.0,0.0,0.07905694150420949,False,False,1,6,0,
161,3,pickup,0.0,0.0,0.0,0.0,0.0,0.07881104062391006,False,False,1,6,0,
162,3,pickup,0.0,0.0,0.0,0.0,0.0,0.07856742013183861,False,False,1,6,0,
163,3,pickup,0.0,0.0,0.0,0.0,0.0,0.07832604499879574,False,False,1,6,0,
164,3,pickup,0.0,0.0,0.0,0.0,0.0,0.07808688094430304,False,False,1,6,0,
165,3,pickup,0.0,0.0,0.0,0.0,0.0,0.0778498944161523,False,False,1,6,0,
166,3,pickup,0.0,0.0,0.0,0.0,0.0,0.07761505257063328,False,False,1,6,0,
167,3,pickup,0.0,0.0,0.0,0.0,0.0,0.07738232325341368,False,False,1,6,0,
168,3,pickup,0.0,0.0,0.0,0.0,0.0,0.07715167498104596,False,False,1,6,0,
169,3,pickup,0.0,0.0,0.0,0.0,0.0,0.07692307692307693,False,False,1,6,0,
170,3,pickup,0.0,0.0,0.0,0.0,0.0,0.07669649888473704,False,False,1,6,0,
171,3,pickup,0.0,0.0,0.0,0.0,0.0,0.07647191129018725,False,False,1,6,0,
172,3,pickup,0.0,0.0,0.0,0.0,0.0,0.07624928516630233,False,False,1,6,0,
173,3,pickup,0.0,0.0,0.0,0.0,0.0,0.07602859212697055,False,False,1,6,0,
174,3,pickup,0.0,0.0,0.0,0.0,0.0,0.07580980435789034,False,False,1,6,0,
175,3,pickup,0.0,0.0,0.0,0.0,0.0,0.07559289460184544,False,False,1,6,0,
176,3,pickup,0.0,0.0,0.0,0.0,0.0,0.07537783614444091,False,False,1,6,0,
177,3,pickup,0.0,0.0,0.0,0.0,0.0,0.07516460280028289,False,False,1,6,0,
178,3,pickup,0.0,0.0,0.0,0.0,0.0,0.07495316889958614,False,False,1,6,0,
179,3,pickup,0.0,0.0,0.0,0.0,0.0,0.07474350927519359,False,False,1,6,0,
180,3,pickup,0.0,0.0,0.0,0.0,0.0,0.07453559924999299,False,False,1,6,0,
181,3,pickup,0.0,0.0,0.0,0.0,0.0,0.07432941462471664,False,False,1,6,0,
182,3,pickup,0.0,0.0,0.0,0.0,0.0,0.07412493166611012,False,False,1,6,0,
183,3,pickup,0.0,0.0,0.0,0.0,0.0,0.07392212709545729,False,False,1,6,0,
184,3,pickup,0.0,0.0,0.0,0.0,0.0,0.07372097807744857,False,False,1,6,0,
185,3,pickup,0.0,0.0,0.0,0.0,0.0,0.07352146220938077,False,False,1,6,0,
186,3,pickup,0.0,0.0,0.0,0.0,0.0,0.07332355751067665,False,False,1,6,0,
187,3,pickup,0.0,0.0,0.0,0.0,0.0,0.07312724241271307,False,False,1,6,0,
188,3,pickup,0.0,0.0,0.0,0.0,0.0,0.07293249574894728,False,False,1,6,0,
189,3,pickup,0.0,0.0,0.0,0.0,0.0,0.07273929674533079,False,False,1,6,0,
190,3,pickup,0.0,0.0,0.0,0.0,0.0,0.07254762501100116,False,False,1,6,0,
191,3,pickup,0.0,0.0,0.0,0.0,0.0,0.07235746052924216,False,False,1,6,0,
192,3,pickup,0.0,0.0,0.0,0.0,0.0,0.07216878364870323,False,False,1,6,0,
193,3,pickup,0.0,0.0,0.0,0.0,0.0,0.07198157507486945,False,False,1,6,0,
194,3,pickup,0.0,0.0,0.0,0.0,0.0,0.07179581586177382,False,False,1,6,0,
195,3,pickup,0.0,0.0,0.0,0.0,0.0,0.0716114874039433,False,False,1,6,0,
196,3,pickup,0.0,0.0,0.0,0.0,0.0,0.07142857142857142,False,False,1,6,0,
197,3,pickup,0.0,0.0,0.0,0.0,0.0,0.07124704998790965,False,False,1,6,0,
198,3,pickup,0.0,0.0,0.0,0.0,0.0,0.07106690545187015,False,False,1,6,0,
199,3,pickup,0.0,0.0,0.0,0.0,0.0,0.07088812050083358,False,False,1,6,0,
200,3,pickup,0.0,0.0,0.0,0.0,0.0,0.07071067811865475,False,False,1,6,0,
201,3,pickup,0.0,0.0,0.0,0.0,0.0,0.07053456158585983,False,False,1,6,0,
202,3,pickup,0.0,0.0,0.0,0.0,0.0,0.07035975447302918,False,False,1,6,0,
203,3,pickup,0.0,0.0,0.0,0.0,0.0,0.07018624063435965,False,False,1,6,0,
204,3,pickup,0.0,0.0,0.0,0.0,0.0,0.07001400420140048,False,False,1,6,0,
205,3,pickup,0.0,0.0,0.0,0.0,0.0,0.06984302957695782,False,False,1,6,0,
206,3,pickup,0.0,0.0,0.0,0.0,0.0,0.06967330142916177,False,False,1,6,0,
207,3,pickup,0.0,0.0,0.0,0.0,0.0,0.06950480468569159,False,False,1,6,0,
208,3,pickup,0.0,0.0,0.0,0.0,0.0,0.06933752452815364,False,False,1,6,0,
209,3,pickup,0.0,0.0,0.0,0.0,0.0,0.06917144638660747,False,False,1,6,0,
210,3,pickup,0.0,0.0,0.0,0.0,0.0,0.06900655593423542,False,False,1,6,0,
211,3,pickup,0.0,0.0,0.0,0.0,0.0,0.06884283908215143,False,False,1,6,0,
212,3,pickup,0.0,0.0,0.0,0.0,0.0,0.06868028197434452,False,False,1,6,0,
213,3,pickup,0.0,0.0,0.0,0.0,0.0,0.06851887098275317,False,False,1,6,0,
214,3,pickup,0.0,0.0,0.0,0.0,0.0,0.06835859270246633,False,False,1,6,0,
215,3,pickup,0.0,0.0,0.0,0.0,0.0,0.06819943394704735,False,False,1,6,0,
216,3,pickup,0.0,0.0,0.0,0.0,0.0,0.06804138174397717,False,False,1,6,0,
217,3,pickup,0.0,0.0,0.0,0.0,0.0,0.06788442333021306,False,False,1,6,0,
218,3,pickup,0.0,0.0,0.0,0.0,0.0,0.06772854614785964,False,False,1,6,0,
219,3,pickup,0.0,0.0,0.0,0.0,0.0,0.06757373783994859,False,False,1,6,0,
220,3,pickup,0.0,0.0,0.0,0.0,0.0,0.06741998624632421,False,False,1,6,0,
221,3,pickup,0.0,0.0,0.0,0.0,0.0,0.06726727939963124,False,False,1,6,0,
222,3,pickup,0.0,0.0,0.0,0.0,0.0,0.06711560552140243,False,False,1,6,0,
223,3,pickup,0.0,0.0,0.0,0.0,0.0,0.06696495301824251,False,False,1,6,0,
224,3,pickup,0.0,0.0,0.0,0.0,0.0,0.0668153104781061,False,False,1,6,0,
225,3,pickup,0.0,0.0,0.0,0.0,0.0,0.06666666666666667,False,False,1,6,0,
226,3,pickup,0.0,0.0,0.0,0.0,0.0,0.06651901052377393,False,False,1,6,0,
227,3,pickup,0.0,0.0,0.0,0.0,0.0,0.0663723311599972,False,False,1,6,0,
228,3,pickup,0.0,0.0,0.0,0.0,0.0,0.06622661785325219,False,False,1,6,0,
229,3,pickup,0.0,0.0,0.0,0.0,0.0,0.06608186004550898,False,False,1,6,0,
230,3,pickup,0.0,0.0,0.0,0.0,0.0,0.0659380473395787,False,False,1,6,0,
231,3,pickup,0.0,0.0,0.0,0.0,0.0,0.0657951694959769,False,False,1,6,0,
232,3,pickup,0.0,0.0,0.0,0.0,0.0,0.06565321642986127,False,False,1,6,0,
233,3,pickup,0.0,0.0,0.0,0.0,0.0,0.06551217820804184,False,False,1,6,0,
234,3,pickup,0.0,0.0,0.0,0.0,0.0,0.06537204504606134,False,False,1,6,0,
235,3,pickup,0.0,0.0,0.0,0.0,0.0,0.06523280730534423,False,False,1,6,0,
236,3,pickup,0.0,0.0,0.0,0.0,0.0,0.06509445549041194,False,False,1,6,0,
237,3,pickup,0.0,0.0,0.0,0.0,0.0,0.06495698024616309,False,False,1,6,0,
238,3,pickup,0.0,0.0,0.0,0.0,0.0,0.06482037235521644,False,False,1,6,0,
239,3,pickup,0.0,0.0,0.0,0.0,0.0,0.06468462273531508,False,False,1,6,0,
240,3,pickup,0.0,0.0,0.0,0.0,0.0,0.06454972243679027,False,False,1,6,0,
241,3,pickup,0.0,0.0,0.0,0.0,0.0,0.06441566264008308,False,False,1,6,0,
242,3,pickup,0.0,0.0,0.0,0.0,0.0,0.0642824346533225,False,False,1,6,0,
243,3,pickup,0.0,0.0,0.0,0.0,0.0,0.06415002990995841,False,False,1,6,0,
244,3,pickup,0.0,0.0,0.0,0.0,0.0,0.06401843996644799,False,False,1,6,0,
245,3,pickup,0.0,0.0,0.0,0.0,0.0,0.06388765649999399,False,False,1,6,0,
246,3,pickup,0.0,0.0,0.0,0.0,0.0,0.06375767130633382,False,False,1,6,0,
247,3,pickup,0.0,0.0,0.0,0.0,0.0,0.06362847629757777,False,False,1,6,0,
248,3,pickup,0.0,0.0,0.0,0.0,0.0,0.06350006350009525,False,False,1,6,0,
249,3,pickup,0.0,0.0,0.0,0.0,0.0,0.06337242505244779,False,False,1,6,0,
250,3,pickup,0.0,0.0,0.0,0.0,0.0,0.06324555320336758,False,False,1,6,0,
251,3,pickup,0.0,0.0,0.0,0.0,0.0,0.06311944030978031,False,False,1,6,0,
252,3,pickup,0.0,0.0,0.0,0.0,0.0,0.0629940788348712,False,False,1,6,0,
253,3,pickup,0.0,0.0,0.0,0.0,0.0,0.06286946134619315,False,False,1,6,0,
254,3,pickup,0.0,0.0,0.0,0.0,0.0,0.06274558051381586,False,False,1,6,0,
255,3,pickup,0.0,0.0,0.0,0.0,0.0,0.06262242910851495,False,False,1,6,0,
256,3,pickup,0.0,0.0,0.0,0.0,0.0,0.0625,False,False,1,6,0,
257,3,pickup,0.0,0.0,0.0,0.0,0.0,0.06237828615518053,False,False,1,6,0,
258,3,pickup,0.0,0.0,0.0,0.0,0.0,0.062257280636469035,False,False,1,6,0,
259,3,pickup,0.0,0.0,0.0,0.0,0.0,0.062136976600120006,False,False,1,6,0,
260,3,pickup,0.0,0.0,0.0,0.0,0.0,0.062017367294604234,False,False,1,6,0,
261,3,pickup,0.0,0.0,0.0,0.0,0.0,0.061898446059017294,False,False,1,6,0,
262,3,pickup,0.0,0.0,0.0,0.0,0.0,0.06178020632152154,False,False,1,6,0,
263,3,pickup,0.0,0.0,0.0,0.0,0.0,0.061662641597820735,False,False,1,6,0,
264,3,pickup,0.0,0.0,0.0,0.0,0.0,0.06154574548966636,False,False,1,6,0,
265,3,pickup,0.0,0.0,0.0,0.0,0.0,0.06142951168339512,False,False,1,6,0,
266,3,pickup,0.0,0.0,0.0,0.0,0.0,0.06131393394849658,False,False,1,6,0,
267,3,pickup,0.0,0.0,0.0,0.0,0.0,0.06119900613621046,False,False,1,6,0,
268,3,pickup,0.0,0.0,0.0,0.0,0.0,0.06108472217815261,False,False,1,6,0,
269,3,pickup,0.0,0.0,0.0,0.0,0.0,0.06097107608496923,False,False,1,6,0,
270,3,pickup,0.0,0.0,0.0,0.0,0.0,0.06085806194501846,False,False,1,6,0,
271,3,pickup,0.0,0.0,0.0,0.0,0.0,0.0607456739230787,False,False,1,6,0,
272,3,pickup,0.0,0.0,0.0,0.0,0.0,0.06063390625908324,False,False,1,6,0,
273,3,pickup,0.0,0.0,0.0,0.0,0.0,0.060522753266880246,False,False,1,6,0,
274,3,pickup,0.0,0.0,0.0,0.0,0.0,0.0604122093330177,False,False,1,6,0,
275,3,pickup,0.0,0.0,0.0,0.0,0.0,0.060302268915552716,False,False,1,6,0,
276,3,pickup,0.0,0.0,0.0,0.0,0.0,0.0601929265428846,False,False,1,6,0,
277,3,pickup,0.0,0.0,0.0,0.0,0.0,0.06008417681261097,False,False,1,6,0,
278,3,pickup,0.0,0.0,0.0,0.0,0.0,0.05997601439040672,False,False,1,6,0,
279,3,pickup,0.0,0.0,0.0,0.0,0.0,0.05986843400892496,False,False,1,6,0,
280,3,pickup,0.0,0.0,0.0,0.0,0.0,0.05976143046671968,False,False,1,6,0,
281,3,pickup,0.0,0.0,0.0,0.0,0.0,0.05965499862718936,False,False,1,6,0,
282,3,pickup,0.0,0.0,0.0,0.0,0.0,0.05954913341754137,False,False,1,6,0,
283,3,pickup,0.0,0.0,0.0,0.0,0.0,0.0594438298277764,False,False,1,6,0,
284,3,pickup,0.0,0.0,0.0,0.0,0.0,0.05933908290969266,False,False,1,6,0,
285,3,pickup,0.0,0.0,0.0,0.0,0.0,0.05923488777590923,False,False,1,6,0,
286,3,pickup,0.0,0.0,0.0,0.0,0.0,0.05913123959890826,False,False,1,6,0,
287,3,pickup,0.0,0.0,0.0,0.0,0.0,0.059028133610095526,False,False,1,6,0,
288,3,pickup,0.0,0.0,0.0,0.0,0.0,0.05892556509887897,False,False,1,6,0,
289,3,pickup,0.0,0.0,0.0,0.0,0.0,0.058823529411764705,False,False,1,6,0,
290,3,pickup,0.0,0.0,0.0,0.0,0.0,0.058722021951470346,False,False,1,6,0,
291,3,pickup,0.0,0.0,0.0,0.0,0.0,0.05862103817605492,False,False,1,6,0,
292,3,pickup,0.0,0.0,0.0,0.0,0.0,0.058520573598065284,False,False,1,6,0,
293,3,pickup,0.0,0.0,0.0,0.0,0.0,0.0584206237836986,False,False,1,6,0,
294,3,pickup,0.0,0.0,0.0,0.0,0.0,0.05832118435198043,False,False,1,6,0,
295,3,pickup,0.0,0.0,0.0,0.0,0.0,0.0582222509739582,False,False,1,6,0,
296,3,pickup,0.0,0.0,0.0,0.0,0.0,0.05812381937190964,False,False,1,6,0,
297,3,pickup,0.0,0.0,0.0,0.0,0.0,0.058025885318565944,False,False,1,6,0,
298,3,pickup,0.0,0.0,0.0,0.0,0.0,0.057928444636349226,False,False,1,6,0,
299,3,pickup,0.0,0.0,0.0,0.0,0.0,0.05783149319662402,False,False,1,6,0,
300,3,pickup,0.0,0.0,0.0,0.0,0.0,0.05773502691896257,False,False,1,6,0,
301,3,pickup,0.0,0.0,0.0,0.0,0.0,0.0576390417704235,False,False,1,6,0,
302,3,pickup,0.0,0.0,0.0,0.0,0.0,0.0575435337648436,False,False,1,6,0,
303,3,pickup,0.0,0.0,0.0,0.0,0.0,0.0574484989621426,False,False,1,6,0,
304,3,pickup,0.0,0.0,0.0,0.0,0.0,0.057353933467640436,False,False,1,6,0,
305,3,pickup,0.0,0.0,0.0,0.0,0.0,0.057259833431386825,False,False,1,6,0,
306,3,pickup,0.0,0.0,0.0,0.0,0.0,0.05716619504750295,False,False,1,6,0,
307,3,pickup,0.0,0.0,0.0,0.0,0.0,0.05707301455353496,False,False,1,6,0,
308,3,pickup,0.0,0.0,0.0,0.0,0.0,0.05698028822981897,False,False,1,6,0,
309,3,pickup,0.0,0.0,0.0,0.0,0.0,0.05688801239885743,False,False,1,6,0,
310,3,pickup,0.0,0.0,0.0,0.0,0.0,0.05679618342470648,False,False,1,6,0,
311,3,pickup,0.0,0.0,0.0,0.0,0.0,0.05670479771237427,False,False,1,6,0,
312,3,pickup,0.0,0.0,0.0,0.0,0.0,0.05661385170722978,False,False,1,6,0,
313,3,pickup,0.0,0.0,0.0,0.0,0.0,0.05652334189442215,False,False,1,6,0,
314,3,pickup,0.0,0.0,0.0,0.0,0.0,0.05643326479831003,False,False,1,6,0,
315,3,pickup,0.0,0.0,0.0,0.0,0.0,0.0563436169819011,False,False,1,6,0,
316,3,pickup,0.0,0.0,0.0,0.0,0.0,0.0562543950463012,False,False,1,6,0,
317,3,pickup,0.0,0.0,0.0,0.0,0.0,0.05616559563017304,False,False,1,6,0,
318,3,pickup,0.0,0.0,0.0,0.0,0.0,0.056077215409204434,False,False,1,6,0,
319,3,pickup,0.0,0.0,0.0,0.0,0.0,0.05598925109558543,False,False,1,6,0,
320,3,pickup,0.0,0.0,0.0,0.0,0.0,0.05590169943749474,False,False,1,6,0,
321,3,pickup,0.0,0.0,0.0,0.0,0.0,0.05581455721859476,False,False,1,6,0,
322,3,pickup,0.0,0.0,0.0,0.0,0.0,0.05572782125753528,False,False,1,6,0,
323,3,pickup,0.0,0.0,0.0,0.0,0.0,0.055641488407465724,False,False,1,6,0,
324,3,pickup,0.0,0.0,0.0,0.0,0.0,0.05555555555555555,False,False,1,6,0,
325,3,pickup,0.0,0.0,0.0,0.0,0.0,0.05547001962252291,False,False,1,6,0,
326,3,pickup,0.0,0.0,0.0,0.0,0.0,0.05538487756217113,False,False,1,6,0,
327,3,pickup,0.0,0.0,0.0,0.0,0.0,0.0553001263609331,False,False,1,6,0,
328,3,pickup,0.0,0.0,0.0,0.0,0.0,0.05521576303742327,False,False,1,6,0,
329,3,pickup,0.0,0.0,0.0,0.0,0.0,0.055131784641997125,False,False,1,6,0,
330,3,pickup,0.0,0.0,0.0,0.0,0.0,0.055048188256318034,False,False,1,6,0,
331,3,pickup,0.0,0.0,0.0,0.0,0.0,0.05496497099293127,False,False,1,6,0,
332,3,pickup,0.0,0.0,0.0,0.0,0.0,0.05488212999484517,False,False,1,6,0,
333,3,pickup,0.0,0.0,0.0,0.0,0.0,0.0547996624351191,False,False,1,6,0,
334,3,pickup,0.0,0.0,0.0,0.0,0.0,0.054717565516458275,False,False,1,6,0,
335,3,pickup,0.0,0.0,0.0,0.0,0.0,0.05463583647081531,False,False,1,6,0,
336,3,pickup,0.0,0.0,0.0,0.0,0.0,0.0545544725589981,False,False,1,6,0,
337,3,pickup,0.0,0.0,0.0,0.0,0.0,0.05447347107028433,False,False,1,6,0,
338,3,pickup,0.0,0.0,0.0,0.0,0.0,0.05439282932204212,False,False,1,6,0,
339,3,pickup,0.0,0.0,0.0,0.0,0.0,0.054312544659356844,False,False,1,6,0,
340,3,pickup,0.0,0.0,0.0,0.0,0.0,0.05423261445466404,False,False,1,6,0,
341,3,pickup,0.0,0.0,0.0,0.0,0.0,0.05415303610738823,False,False,1,6,0,
342,3,pickup,0.0,0.0,0.0,0.0,0.0,0.05407380704358752,False,False,1,6,0,
343,3,pickup,0.0,0.0,0.0,0.0,0.0,0.05399492471560388,False,False,1,6,0,
344,3,pickup,0.0,0.0,0.0,0.0,0.0,0.053916386601719206,False,False,1,6,0,
345,3,pickup,0.0,0.0,0.0,0.0,0.0,0.05383819020581655,False,False,1,6,0,
346,3,pickup,0.0,0.0,0.0,0.0,0.0,0.053760333057047034,False,False,1,6,0,
347,3,pickup,0.0,0.0,0.0,0.0,0.0,0.0536828127095019,False,False,1,6,0,
348,3,pickup,0.0,0.0,0.0,0.0,0.0,0.05360562674188974,False,False,1,6,0,
349,3,pickup,0.0,0.0,0.0,0.0,0.0,0.05352877275721892,False,False,1,6,0,
350,3,pickup,0.0,0.0,0.0,0.0,0.0,0.05345224838248487,False,False,1,6,0,
351,3,pickup,0.0,0.0,0.0,0.0,0.0,0.05337605126836238,False,False,1,6,0,
352,3,pickup,0.0,0.0,0.0,0.0,0.0,0.053300179088902604,False,False,1,6,0,
353,3,pickup,0.0,0.0,0.0,0.0,0.0,0.05322462954123495,False,False,1,6,0,
354,3,pickup,0.0,0.0,0.0,0.0,0.0,0.05314940034527339,False,False,1,6,0,
355,3,pickup,0.0,0.0,0.0,0.0,0.0,0.053074489243427524,False,False,1,6,0,
356,3,pickup,0.0,0.0,0.0,0.0,0.0,0.052999894000318,False,False,1,6,0,
357,3,pickup,0.0,0.0,0.0,0.0,0.0,0.05292561240249631,False,False,1,6,0,
358,3,pickup,0.0,0.0,0.0,0.0,0.0,0.05285164225816899,False,False,1,6,0,
359,3,pickup,0.0,0.0,0.0,0.0,0.0,0.05277798139692595,False,False,1,6,0,
360,3,pickup,0.0,0.0,0.0,0.0,0.0,0.05270462766947299,False,False,1,6,0,
361,3,pickup,0.0,0.0,0.0,0.0,0.0,0.05263157894736842,False,False,1,6,0,
362,3,pickup,0.0,0.0,0.0,0.0,0.0,0.052558833122763673,False,False,1,6,0,
363,3,pickup,0.0,0.0,0.0,0.0,0.0,0.0524863881081478,False,False,1,6,0,
364,3,pickup,0.0,0.0,0.0,0.0,0.0,0.052414241836095915,False,False,1,6,0,
365,3,pickup,0.0,0.0,0.0,0.0,0.0,0.052342392259021375,False,False,1,6,0,
366,3,pickup,0.0,0.0,0.0,0.0,0.0,0.05227083734893167,False,False,1,6,0,
367,3,pickup,0.0,0.0,0.0,0.0,0.0,0.052199575097188054,False,False,1,6,0,
368,3,pickup,0.0,0.0,0.0,0.0,0.0,0.05212860351426869,False,False,1,6,0,
369,3,pickup,0.0,0.0,0.0,0.0,0.0,0.052057920629535355,False,False,1,6,0,
370,3,pickup,0.0,0.0,0.0,0.0,0.0,0.05198752449100364,False,False,1,6,0,
371,3,pickup,0.0,0.0,0.0,0.0,0.0,0.0519174131651165,False,False,1,6,0,
372,3,pickup,0.0,0.0,0.0,0.0,0.0,0.05184758473652126,False,False,1,6,0,
373,3,pickup,0.0,0.0,0.0,0.0,0.0,0.05177803730784977,False,False,1,6,0,
374,3,pickup,0.0,0.0,0.0,0.0,0.0,0.051708768999501914,False,False,1,6,0,
375,3,pickup,0.0,0.0,0.0,0.0,0.0,0.051639777949432225,False,False,1,6,0,
376,3,pickup,0.0,0.0,0.0,0.0,0.0,0.05157106231293967,False,False,1,6,0,
377,3,pickup,0.0,0.0,0.0,0.0,0.0,0.051502620262460476,False,False,1,6,0,
378,3,pickup,0.0,0.0,0.0,0.0,0.0,0.05143444998736397,False,False,1,6,0,
379,3,pickup,0.0,0.0,0.0,0.0,0.0,0.051366549693751415,False,False,1,6,0,
380,3,pickup,0.0,0.0,0.0,0.0,0.0,0.051298917604257706,False,False,1,6,0,
381,3,pickup,0.0,0.0,0.0,0.0,0.0,0.051231551957855996,False,False,1,6,0,
382,3,pickup,0.0,0.0,0.0,0.0,0.0,0.05116445100966508,False,False,1,6,0,
383,3,pickup,0.0,0.0,0.0,0.0,0.0,0.0510976130307596,False,False,1,6,0,
384,3,pickup,0.0,0.0,0.0,0.0,0.0,0.051031036307982884,False,False,1,6,0,
385,3,pickup,0.0,0.0,0.0,0.0,0.0,0.050964719143762556,False,False,1,6,0,
386,3,pickup,0.0,0.0,0.0,0.0,0.0,0.050898659855928764,False,False,1,6,0,
387,3,pickup,0.0,0.0,0.0,0.0,0.0,0.05083285677753489,False,False,1,6,0,
388,3,pickup,0.0,0.0,0.0,0.0,0.0,0.05076730825668096,False,False,1,6,0,
389,3,pickup,0.0,0.0,0.0,0.0,0.0,0.05070201265633938,False,False,1,6,0,
390,3,pickup,0.0,0.0,0.0,0.0,0.0,0.05063696835418333,False,False,1,6,0,
391,3,pickup,0.0,0.0,0.0,0.0,0.0,0.05057217374241736,False,False,1,6,0,
392,3,pickup,0.0,0.0,0.0,0.0,0.0,0.050507627227610534,False,False,1,6,0,
393,3,pickup,0.0,0.0,0.0,0.0,0.0,0.050443327230531826,False,False,1,6,0,
394,3,pickup,0.0,0.0,0.0,0.0,0.0,0.05037927218598784,False,False,1,6,0,
395,3,pickup,0.0,0.0,0.0,0.0,0.0,0.05031546054266276,False,False,1,6,0,
396,3,pickup,0.0,0.0,0.0,0.0,0.0,0.050251890762960605,False,False,1,6,0,
397,3,pickup,0.0,0.0,0.0,0.0,0.0,0.05018856132284956,False,False,1,6,0,
398,3,pickup,0.0,0.0,0.0,0.0,0.0,0.05012547071170855,False,False,1,6,0,
399,3,pickup,0.0,0.0,0.0,0.0,0.0,0.05006261743217589,False,False,1,6,0,
400,3,pickup,0.0,0.0,0.0,0.0,0.0,0.05,False,False,1,6,0,
401,3,pickup,0.0,0.0,0.0,0.0,0.0,0.04993761694389223,False,False,1,6,0,
402,3,pickup,0.0,0.0,0.0,0.0,0.0,0.049875466805381644,False,False,1,6,0,
403,3,pickup,0.0,0.0,0.0,0.0,0.0,0.04981354813867179,False,False,1,6,0,
404,3,pickup,0.0,0.0,0.0,0.0,0.0,0.04975185951049946,False,False,1,6,0,
405,3,pickup,0.0,0.0,0.0,0.0,0.0,0.049690399499995326,False,False,1,6,0,
406,3,pickup,0.0,0.0,0.0,0.0,0.0,0.04962916669854651,False,False,1,6,0,
407,3,pickup,0.0,0.0,0.0,0.0,0.0,0.04956815970966096,False,False,1,6,0,
408,3,pickup,0.0,0.0,0.0,0.0,0.0,0.04950737714883372,False,False,1,6,0,
409,3,pickup,0.0,0.0,0.0,0.0,0.0,0.049446817643414874,False,False,1,6,0,
410,3,pickup,0.0,0.0,0.0,0.0,0.0,0.04938647983247948,False,False,1,6,0,
411,3,pickup,0.0,0.0,0.0,0.0,0.0,0.049326362366699,False,False,1,6,0,
412,3,pickup,0.0,0.0,0.0,0.0,0.0,0.04926646390821466,False,False,1,6,0,
413,3,pickup,0.0,0.0,0.0,0.0,0.0,0.04920678313051229,False,False,1,6,0,
414,3,pickup,0.0,0.0,0.0,0.0,0.0,0.04914731871829905,False,False,1,6,0,
415,3,pickup,0.0,0.0,0.0,0.0,0.0,0.0490880693673816,False,False,1,6,0,
416,3,pickup,0.0,0.0,0.0,0.0,0.0,0.04902903378454601,False,False,1,6,0,
417,3,pickup,0.0,0.0,0.0,0.0,0.0,0.048970210687439175,False,False,1,6,0,
418,3,pickup,0.0,0.0,0.0,0.0,0.0,0.04891159880445185,False,False,1,6,0,
419,3,pickup,0.0,0.0,0.0,0.0,0.0,0.04885319687460315,False,False,1,6,0,
420,3,pickup,0.0,0.0,0.0,0.0,0.0,0.048795003647426664,False,False,1,6,0,
421,3,pickup,0.0,0.0,0.0,0.0,0.0,0.04873701788285793,False,False,1,6,0,
422,3,pickup,0.0,0.0,0.0,0.0,0.0,0.04867923835112355,False,False,1,6,0,
423,3,pickup,0.0,0.0,0.0,0.0,0.0,0.048621663832631515,False,False,1,6,0,
424,3,pickup,0.0,0.0,0.0,0.0,0.0,0.04856429311786321,False,False,1,6,0,
425,3,pickup,0.0,0.0,0.0,0.0,0.0,0.048507125007266595,False,False,1,6,0,
426,3,pickup,0.0,0.0,0.0,0.0,0.0,0.04845015831115092,False,False,1,6,0,
427,3,pickup,0.0,0.0,0.0,0.0,0.0,0.048393391849582724,False,False,1,6,0,
428,3,pickup,0.0,0.0,0.0,0.0,0.0,0.04833682445228318,False,False,1,6,0,
429,3,pickup,0.0,0.0,0.0,0.0,0.0,0.04828045495852676,False,False,1,6,0,
430,3,pickup,0.0,0.0,0.0,0.0,0.0,0.04822428221704121,False,False,1,6,0,
431,3,pickup,0.0,0.0,0.0,0.0,0.0,0.0481683050859088,False,False,1,6,0,
432,3,pickup,0.0,0.0,0.0,0.0,0.0,0.048112522432468816,False,False,1,6,0,
433,3,pickup,0.0,0.0,0.0,0.0,0.0,0.04805693313322127,False,False,1,6,0,
434,3,pickup,0.0,0.0,0.0,0.0,0.0,0.04800153607373193,False,False,1,6,0,
435,3,pickup,0.0,0.0,0.0,0.0,0.0,0.04794633014853841,False,False,1,6,0,
436,3,pickup,0.0,0.0,0.0,0.0,0.0,0.04789131426105757,False,False,1,6,0,
437,3,pickup,0.0,0.0,0.0,0.0,0.0,0.047836487323493986,False,False,1,6,0,
438,3,pickup,0.0,0.0,0.0,0.0,0.0,0.04778184825674966,False,False,1,6,0,
439,3,pickup,0.0,0.0,0.0,0.0,0.0,0.047727395990334764,False,False,1,6,0,
440,3,pickup,0.0,0.0,0.0,0.0,0.0,0.04767312946227962,False,False,1,6,0,
441,3,pickup,0.0,0.0,0.0,0.0,0.0,0.047619047619047616,False,False,1,6,0,
442,3,pickup,0.0,0.0,0.0,0.0,0.0,0.047565149415449405,False,False,1,6,0,
443,3,pickup,0.0,0.0,0.0,0.0,0.0,0.04751143381455799,False,False,1,6,0,
444,3,pickup,0.0,0.0,0.0,0.0,0.0,0.04745789978762495,False,False,1,6,0,
445,3,pickup,0.0,0.0,0.0,0.0,0.0,0.04740454631399772,False,False,1,6,0,
446,3,pickup,0.0,0.0,0.0,0.0,0.0,0.04735137238103784,False,False,1,6,0,
447,3,pickup,0.0,0.0,0.0,0.0,0.0,0.047298376984040214,False,False,1,6,0,
448,3,pickup,0.0,0.0,0.0,0.0,0.0,0.0472455591261534,False,False,1,6,0,
449,3,pickup,0.0,0.0,0.0,0.0,0.0,0.04719291781830087,False,False,1,6,0,
450,3,pickup,0.0,0.0,0.0,0.0,0.0,0.04714045207910317,False,False,1,6,0,
451,3,pickup,0.0,0.0,0.0,0.0,0.0,0.04708816093480111,False,False,1,6,0,
452,3,pickup,0.0,0.0,0.0,0.0,0.0,0.047036043419179864,False,False,1,6,0,
453,3,pickup,0.0,0.0,0.0,0.0,0.0,0.046984098573493956,False,False,1,6,0,
454,3,pickup,0.0,0.0,0.0,0.0,0.0,0.04693232544639321,False,False,1,6,0,
455,3,pickup,0.0,0.0,0.0,0.0,0.0,0.04688072309384954,False,False,1,6,0,
456,3,pickup,0.0,0.0,0.0,0.0,0.0,0.0468292905790847,False,False,1,6,0,
457,3,pickup,0.0,0.0,0.0,0.0,0.0,0.0467780269724988,False,False,1,6,0,
458,3,pickup,0.0,0.0,0.0,0.0,0.0,0.046726931351599776,False,False,1,6,0,
459,3,pickup,0.0,0.0,0.0,0.0,0.0,0.04667600280093366,False,False,1,6,0,
460,3,pickup,0.0,0.0,0.0,0.0,0.0,0.04662524041201569,False,False,1,6,0,
461,3,pickup,0.0,0.0,0.0,0.0,0.0,0.04657464328326223,False,False,1,6,0,
462,3,pickup,0.0,0.0,0.0,0.0,0.0,0.046524210519923545,False,False,1,6,0,
463,3,pickup,0.0,0.0,0.0,0.0,0.0,0.04647394123401731,False,False,1,6,0,
464,3,pickup,0.0,0.0,0.0,0.0,0.0,0.046423834544262965,False,False,1,6,0,
465,3,pickup,0.0,0.0,0.0,0.0,0.0,0.04637388957601683,False,False,1,6,0,
466,3,pickup,0.0,0.0,0.0,0.0,0.0,0.04632410546120795,False,False,1,6,0,
467,3,pickup,0.0,0.0,0.0,0.0,0.0,0.046274481338274755,False,False,1,6,0,
468,3,pickup,0.0,0.0,0.0,0.0,0.0,0.046225016352102424,False,False,1,6,0,
469,3,pickup,0.0,0.0,0.0,0.0,0.0,0.04617570965396102,False,False,1,6,0,
470,3,pickup,0.0,0.0,0.0,0.0,0.0,0.04612656040144425,False,False,1,6,0,
471,3,pickup,0.0,0.0,0.0,0.0,0.0,0.04607756775840914,False,False,1,6,0,
472,3,pickup,0.0,0.0,0.0,0.0,0.0,0.04602873089491617,False,False,1,6,0,
473,3,pickup,0.0,0.0,0.0,0.0,0.0,0.045980048987170286,False,False,1,6,0,
474,3,pickup,0.0,0.0,0.0,0.0,0.0,0.04593152121746254,False,False,1,6,0,
475,3,pickup,0.0,0.0,0.0,0.0,0.0,0.04588314677411235,False,False,1,6,0,
476,3,pickup,0.0,0.0,0.0,0.0,0.0,0.045834924851410566,False,False,1,6,0,
477,3,pickup,0.0,0.0,0.0,0.0,0.0,0.04578685464956301,False,False,1,6,0,
478,3,pickup,0.0,0.0,0.0,0.0,0.0,0.045738935374634825,False,False,1,6,0,
479,3,pickup,0.0,0.0,0.0,0.0,0.0,0.04569116623849538,False,False,1,6,0,
480,3,pickup,0.0,0.0,0.0,0.0,0.0,0.04564354645876384,False,False,1,6,0,
481,3,pickup,0.0,0.0,0.0,0.0,0.0,0.04559607525875532,False,False,1,6,0,
482,3,pickup,0.0,0.0,0.0,0.0,0.0,0.04554875186742769,False,False,1,6,0,
483,3,pickup,0.0,0.0,0.0,0.0,0.0,0.045501575519329006,False,False,1,6,0,
484,3,pickup,0.0,0.0,0.0,0.0,0.0,0.045454545454545456,False,False,1,6,0,
485,3,pickup,0.0,0.0,0.0,0.0,0.0,0.045407660918649985,False,False,1,6,0,
486,3,pickup,0.0,0.0,0.0,0.0,0.0,0.045360921162651446,False,False,1,6,0,
487,3,pickup,0.0,0.0,0.0,0.0,0.0,0.04531432544294438,False,False,1,6,0,
488,3,pickup,0.0,0.0,0.0,0.0,0.0,0.045267873021259265,False,False,1,6,0,
489,3,pickup,0.0,0.0,0.0,0.0,0.0,0.045221563164613454,False,False,1,6,0,
490,3,pickup,0.0,0.0,0.0,0.0,0.0,0.045175395145262566,False,False,1,6,0,
491,3,pickup,0.0,0.0,0.0,0.0,0.0,0.04512936824065242,False,False,1,6,0,
492,3,pickup,0.0,0.0,0.0,0.0,0.0,0.045083481733371615,False,False,1,6,0,
493,3,pickup,0.0,0.0,0.0,0.0,0.0,0.04503773491110449,False,False,1,6,0,
494,3,pickup,0.0,0.0,0.0,0.0,0.0,0.04499212706658475,False,False,1,6,0,
495,3,pickup,0.0,0.0,0.0,0.0,0.0,0.044946657497549475,False,False,1,6,0,
496,3,pickup,0.0,0.0,0.0,0.0,0.0,0.04490132550669373,False,False,1,6,0,
497,3,pickup,0.0,0.0,0.0,0.0,0.0,0.04485613040162566,False,False,1,6,0,
498,3,pickup,0.0,0.0,0.0,0.0,0.0,0.04481107149482209,False,False,1,6,0,
499,3,pickup,0.0,0.0,0.0,0.0,0.0,0.04476614810358452,False,False,1,6,0,
500,3,pickup,0.0,0.0,0.0,0.0,0.0,0.044721359549995794,False,False,1,6,0,
501,3,pickup,0.0,0.0,0.0,0.0,0.0,0.04467670516087703,False,False,1,6,0,
502,3,pickup,0.0,0.0,0.0,0.0,0.0,0.04463218426774518,False,False,1,6,0,
503,3,pickup,0.0,0.0,0.0,0.0,0.0,0.04458779620677098,False,False,1,6,0,
504,3,pickup,0.0,0.0,0.0,0.0,0.0,0.0445435403187374,False,False,1,6,0,
505,3,pickup,0.0,0.0,0.0,0.0,0.0,0.04449941594899848,False,False,1,6,0,
506,3,pickup,0.0,0.0,0.0,0.0,0.0,0.044455422447438706,False,False,1,6,0,
507,3,pickup,0.0,0.0,0.0,0.0,0.0,0.04441155916843276,False,False,1,6,0,
508,3,pickup,0.0,0.0,0.0,0.0,0.0,0.04436782547080569,False,False,1,6,0,
509,3,pickup,0.0,0.0,0.0,0.0,0.0,0.04432422071779363,False,False,1,6,0,
510,3,pickup,0.0,0.0,0.0,0.0,0.0,0.04428074427700476,False,False,1,6,0,
511,3,pickup,0.0,0.0,0.0,0.0,0.0,0.04423739552038088,False,False,1,6,0,
512,3,pickup,0.0,0.0,0.0,0.0,0.0,0.044194173824159216,False,False,1,6,0,
513,3,pickup,0.0,0.0,0.0,0.0,0.0,0.044151078568834795,False,False,1,6,0,
514,3,pickup,0.0,0.0,0.0,0.0,0.0,0.04410810913912309,False,False,1,6,0,
515,3,pickup,0.0,0.0,0.0,0.0,0.0,0.044065264923923174,False,False,1,6,0,
516,3,pickup,0.0,0.0,0.0,0.0,0.0,0.04402254531628119,False,False,1,6,0,
517,3,pickup,0.0,0.0,0.0,0.0,0.0,0.04397994971335425,False,False,1,6,0,
518,3,pickup,0.0,0.0,0.0,0.0,0.0,0.04393747751637468,False,False,1,6,0,
519,3,pickup,0.0,0.0,0.0,0.0,0.0,0.04389512813061471,False,False,1,6,0,
520,3,pickup,0.0,0.0,0.0,0.0,0.0,0.043852900965351466,False,False,1,6,0,
521,3,pickup,0.0,0.0,0.0,0.0,0.0,0.04381079543383235,False,False,1,6,0,
522,3,pickup,0.0,0.0,0.0,0.0,0.0,0.04376881095324085,False,False,1,6,0,
523,3,pickup,0.0,0.0,0.0,0.0,0.0,0.04372694694466261,False,False,1,6,0,
524,3,pickup,0.0,0.0,0.0,0.0,0.0,0.0436852028330519,False,False,1,6,0,
525,3,pickup,0.0,0.0,0.0,0.0,0.0,0.04364357804719848,False,False,1,6,0,
526,3,pickup,0.0,0.0,0.0,0.0,0.0,0.04360207201969474,False,False,1,6,0,
527,3,pickup,0.0,0.0,0.0,0.0,0.0,0.04356068418690321,False,False,1,6,0,
528,3,pickup,0.0,0.0,0.0,0.0,0.0,0.04351941398892446,False,False,1,6,0,
529,3,pickup,0.0,0.0,0.0,0.0,0.0,0.043478260869565216,False,False,1,6,0,
530,3,pickup,0.0,0.0,0.0,0.0,0.0,0.04343722427630694,False,False,1,6,0,
531,3,pickup,0.0,0.0,0.0,0.0,0.0,0.04339630366027462,False,False,1,6,0,
532,3,pickup,0.0,0.0,0.0,0.0,0.0,0.043355498476206,False,False,1,6,0,
533,3,pickup,0.0,0.0,0.0,0.0,0.0,0.043314808182421,False,False,1,6,0,
534,3,pickup,0.0,0.0,0.0,0.0,0.0,0.04327423224079154,False,False,1,6,0,
535,3,pickup,0.0,0.0,0.0,0.0,0.0,0.043233770116711694,False,False,1,6,0,
536,3,pickup,0.0,0.0,0.0,0.0,0.0,0.04319342127906801,False,False,1,6,0,
537,3,pickup,0.0,0.0,0.0,0.0,0.0,0.04315318520021031,False,False,1,6,0,
538,3,pickup,0.0,0.0,0.0,0.0,0.0,0.04311306135592269,False,False,1,6,0,
539,3,pickup,0.0,0.0,0.0,0.0,0.0,0.0430730492253948,False,False,1,6,0,
540,3,pickup,0.0,0.0,0.0,0.0,0.0,0.04303314829119352,False,False,1,6,0,
541,3,pickup,0.0,0.0,0.0,0.0,0.0,0.04299335803923478,False,False,1,6,0,
542,3,pickup,0.0,0.0,0.0,0.0,0.0,0.04295367795875577,False,False,1,6,0,
543,3,pickup,0.0,0.0,0.0,0.0,0.0,0.04291410754228745,False,False,1,6,0,
544,3,pickup,0.0,0.0,0.0,0.0,0.0,0.042874646285627205,False,False,1,6,0,
545,3,pickup,0.0,0.0,0.0,0.0,0.0,0.042835293687811936,False,False,1,6,0,
546,3,pickup,0.0,0.0,0.0,0.0,0.0,0.04279604925109129,False,False,1,6,0,
547,3,pickup,0.0,0.0,0.0,0.0,0.0,0.04275691248090128,False,False,1,6,0,
548,3,pickup,0.0,0.0,0.0,0.0,0.0,0.04271788288583805,False,False,1,6,0,
549,3,pickup,0.0,0.0,0.0,0.0,0.0,0.04267895997763199,False,False,1,6,0,
550,3,pickup,0.0,0.0,0.0,0.0,0.0,0.04264014327112208,False,False,1,6,0,
551,3,pickup,0.0,0.0,0.0,0.0,0.0,0.042601432284230495,False,False,1,6,0,
552,3,pickup,0.0,0.0,0.0,0.0,0.0,0.04256282653793743,False,False,1,6,0,
553,3,pickup,0.0,0.0,0.0,0.0,0.0,0.04252432555625623,False,False,1,6,0,
554,3,pickup,0.0,0.0,0.0,0.0,0.0,0.042485928866208736,False,False,1,6,0,
555,3,pickup,0.0,0.0,0.0,0.0,0.0,0.04244763599780089,False,False,1,6,0,
556,3,pickup,0.0,0.0,0.0,0.0,0.0,0.042409446483998546,False,False,1,6,0,
557,3,pickup,0.0,0.0,0.0,0.0,0.0,0.042371359860703575,False,False,1,6,0,
558,3,pickup,0.0,0.0,0.0,0.0,0.0,0.04233337566673017,False,False,1,6,0,
559,3,pickup,0.0,0.0,0.0,0.0,0.0,0.042295493443781355,False,False,1,6,0,
560,3,pickup,0.0,0.0,0.0,0.0,0.0,0.042257712736425826,False,False,1,6,0,
561,3,pickup,0.0,0.0,0.0,0.0,0.0,0.04222003309207491,False,False,1,6,0,
562,3,pickup,0.0,0.0,0.0,0.0,0.0,0.04218245406095978,False,False,1,6,0,
563,3,pickup,0.0,0.0,0.0,0.0,0.0,0.04214497519610896,False,False,1,6,0,
564,3,pickup,0.0,0.0,0.0,0.0,0.0,0.04210759605332595,False,False,1,6,0,
565,3,pickup,0.0,0.0,0.0,0.0,0.0,0.04207031619116713,False,False,1,6,0,
566,3,pickup,0.0,0.0,0.0,0.0,0.0,0.04203313517091986,False,False,1,6,0,
567,3,pickup,0.0,0.0,0.0,0.0,0.0,0.0419960525565808,False,False,1,6,0,
568,3,pickup,0.0,0.0,0.0,0.0,0.0,0.041959067914834454,False,False,1,6,0,
569,3,pickup,0.0,0.0,0.0,0.0,0.0,0.04192218081503185,False,False,1,6,0,
570,3,pickup,0.0,0.0,0.0,0.0,0.0,0.04188539082916955,False,False,1,6,0,
571,3,pickup,0.0,0.0,0.0,0.0,0.0,0.04184869753186872,False,False,1,6,0,
572,3,pickup,0.0,0.0,0.0,0.0,0.0,0.04181210050035454,False,False,1,6,0,
573,3,pickup,0.0,0.0,0.0,0.0,0.0,0.04177559931443568,False,False,1,6,0,
574,3,pickup,0.0,0.0,0.0,0.0,0.0,0.04173919355648411,False,False,1,6,0,
575,3,pickup,0.0,0.0,0.0,0.0,0.0,0.04170288281141495,False,False,1,6,0,
576,3,pickup,0.0,0.0,0.0,0.0,0.0,0.041666666666666664,False,False,1,6,0,
577,3,pickup,0.0,0.0,0.0,0.0,0.0,0.04163054471218133,False,False,1,6,0,
578,3,pickup,0.0,0.0,0.0,0.0,0.0,0.04159451654038515,False,False,1,6,0,
579,3,pickup,0.0,0.0,0.0,0.0,0.0,0.04155858174616913,False,False,1,6,0,
580,3,pickup,0.0,0.0,0.0,0.0,0.0,0.041522739926869986,False,False,1,6,0,
581,3,pickup,0.0,0.0,0.0,0.0,0.0,0.04148699068225112,False,False,1,6,0,
582,3,pickup,0.0,0.0,0.0,0.0,0.0,0.041451333614483915,False,False,1,6,0,
583,3,pickup,0.0,0.0,0.0,0.0,0.0,0.041415768328129106,False,False,1,6,0,
584,3,pickup,0.0,0.0,0.0,0.0,0.0,0.0413802944301184,False,False,1,6,0,
585,3,pickup,0.0,0.0,0.0,0.0,0.0,0.041344911529736156,False,False,1,6,0,
586,3,pickup,0.0,0.0,0.0,0.0,0.0,0.04130961923860138,False,False,1,6,0,
587,3,pickup,0.0,0.0,0.0,0.0,0.0,0.0412744171706498,False,False,1,6,0,
588,3,pickup,0.0,0.0,0.0,0.0,0.0,0.041239304942116126,False,False,1,6,0,
589,3,pickup,0.0,0.0,0.0,0.0,0.0,0.04120428217151646,False,False,1,6,0,
590,3,pickup,0.0,0.0,0.0,0.0,0.0,0.04116934847963091,False,False,1,6,0,
591,3,pickup,0.0,0.0,0.0,0.0,0.0,0.04113450348948636,False,False,1,6,0,
592,3,pickup,0.0,0.0,0.0,0.0,0.0,0.04109974682633932,False,False,1,6,0,
593,3,pickup,0.0,0.0,0.0,0.0,0.0,0.04106507811765909,False,False,1,6,0,
594,3,pickup,0.0,0.0,0.0,0.0,0.0,0.041030496993110906,False,False,1,6,0,
595,3,pickup,0.0,0.0,0.0,0.0,0.0,0.040996003084539386,False,False,1,6,0,
596,3,pickup,0.0,0.0,0.0,0.0,0.0,0.04096159602595203,False,False,1,6,0,
597,3,pickup,0.0,0.0,0.0,0.0,0.0,0.0409272754535029,False,False,1,6,0,
598,3,pickup,0.0,0.0,0.0,0.0,0.0,0.040893041005476534,False,False,1,6,0,
599,3,pickup,0.0,0.0,0.0,0.0,0.0,0.04085889232227185,False,False,1,6,0,
600,3,pickup,0.0,0.0,0.0,0.0,0.0,0.040824829046386304,False,False,1,6,0,
601,3,pickup,0.0,0.0,0.0,0.0,0.0,0.04079085082240021,False,False,1,6,0,
602,3,pickup,0.0,0.0,0.0,0.0,0.0,0.04075695729696112,False,False,1,6,0,
603,3,pickup,0.0,0.0,0.0,0.0,0.0,0.040723148118768406,False,False,1,6,0,
604,3,pickup,0.0,0.0,0.0,0.0,0.0,0.04068942293855797,False,False,1,6,0,
605,3,pickup,0.0,0.0,0.0,0.0,0.0,0.040655781409087086,False,False,1,6,0,
606,3,pickup,0.0,0.0,0.0,0.0,0.0,0.04062222318511938,False,False,1,6,0,
607,3,pickup,0.0,0.0,0.0,0.0,0.0,0.04058874792340995,False,False,1,6,0,
608,3,pickup,0.0,0.0,0.0,0.0,0.0,0.040555355282690636,False,False,1,6,0,
609,3,pickup,0.0,0.0,0.0,0.0,0.0,0.04052204492365539,False,False,1,6,0,
610,3,pickup,0.0,0.0,0.0,0.0,0.0,0.0404888165089458,False,False,1,6,0,
611,3,pickup,0.0,0.0,0.0,0.0,0.0,0.04045566970313674,False,False,1,6,0,
612,3,pickup,0.0,0.0,0.0,0.0,0.0,0.040422604172722164,False,False,1,6,0,
613,3,pickup,0.0,0.0,0.0,0.0,0.0,0.04038961958610097,False,False,1,6,0,
614,3,pickup,0.0,0.0,0.0,0.0,0.0,0.04035671561356309,False,False,1,6,0,
615,3,pickup,0.0,0.0,0.0,0.0,0.0,0.04032389192727559,False,False,1,6,0,
616,3,pickup,0.0,0.0,0.0,0.0,0.0,0.040291148201269014,False,False,1,6,0,
617,3,pickup,0.0,0.0,0.0,0.0,0.0,0.04025848411142373,False,False,1,6,0,
618,3,pickup,0.0,0.0,0.0,0.0,0.0,0.040225899335456484,False,False,1,6,0,
619,3,pickup,0.0,0.0,0.0,0.0,0.0,0.04019339355290704,False,False,1,6,0,
620,3,pickup,0.0,0.0,0.0,0.0,0.0,0.04016096644512494,False,False,1,6,0,
621,3,pickup,0.0,0.0,0.0,0.0,0.0,0.040128617695256406,False,False,1,6,0,
622,3,pickup,0.0,0.0,0.0,0.0,0.0,0.04009634698823127,False,False,1,6,0,
623,3,pickup,0.0,0.0,0.0,0.0,0.0,0.0400641540107502,False,False,1,6,0,
624,3,pickup,0.0,0.0,0.0,0.0,0.0,0.04003203845127178,False,False,1,6,0,
625,3,pickup,0.0,0.0,0.0,0.0,0.0,0.04,False,False,1,6,0,
626,3,pickup,0.0,0.0,0.0,0.0,0.0,0.039968038348871575,False,False,1,6,0,
627,3,pickup,0.0,0.0,0.0,0.0,0.0,0.03993615319154358,False,False,1,6,0,
628,3,pickup,0.0,0.0,0.0,0.0,0.0,0.03990434422338111,False,False,1,6,0,
629,3,pickup,0.0,0.0,0.0,0.0,0.0,0.039872611141445,False,False,1,6,0,
630,3,pickup,0.0,0.0,0.0,0.0,0.0,0.03984095364447979,False,False,1,6,0,
631,3,pickup,0.0,0.0,0.0,0.0,0.0,0.03980937143290165,False,False,1,6,0,
632,3,pickup,0.0,0.0,0.0,0.0,0.0,0.0397778642087865,False,False,1,6,0,
633,3,pickup,0.0,0.0,0.0,0.0,0.0,0.039746431675858215,False,False,1,6,0,
634,3,pickup,0.0,0.0,0.0,0.0,0.0,0.03971507353947688,False,False,1,6,0,
635,3,pickup,0.0,0.0,0.0,0.0,0.0,0.03968378950662725,False,False,1,6,0,
636,3,pickup,0.0,0.0,0.0,0.0,0.0,0.03965257928590721,False,False,1,6,0,
637,3,pickup,0.0,0.0,0.0,0.0,0.0,0.03962144258751637,False,False,1,6,0,
638,3,pickup,0.0,0.0,0.0,0.0,0.0,0.03959037912324479,False,False,1,6,0,
639,3,pickup,0.0,0.0,0.0,0.0,0.0,0.03955938860646178,False,False,1,6,0,
640,3,pickup,0.0,0.0,0.0,0.0,0.0,0.03952847075210474,False,True,1,6,0,
