step,name,value
0,params/q_network,36359.0
20,train/loss,0.011031173169612885
20,train/q_mean,-0.0216132253408432
20,train/target_mean,0.11206389963626862
20,train/reward_ext_mean,0.0
20,train/reward_train_mean,0.0
20,train/reward_ride_mean,0.0
21,train/loss,0.006320340558886528
21,train/q_mean,0.011722064577043056
21,train/target_mean,0.10515594482421875
21,train/reward_ext_mean,0.0
21,train/reward_train_mean,0.0
21,train/reward_ride_mean,0.0
22,train/loss,0.007246948778629303
22,train/q_mean,0.001887299120426178
22,train/target_mean,0.11017617583274841
22,train/reward_ext_mean,0.0
22,train/reward_train_mean,0.0
22,train/reward_ride_mean,0.0
23,train/loss,0.007066118530929089
23,train/q_mean,0.008231887593865395
23,train/target_mean,0.11315738409757614
23,train/reward_ext_mean,0.0
23,train/reward_train_mean,0.0
23,train/reward_ride_mean,0.0
24,train/loss,0.00909349787980318
24,train/q_mean,-0.014526208862662315
24,train/target_mean,0.11521811783313751
24,train/reward_ext_mean,0.0
24,train/reward_train_mean,0.0
24,train/reward_ride_mean,0.0
25,train/loss,0.004335849545896053
25,train/q_mean,0.033406637609004974
25,train/target_mean,0.10714752227067947
25,train/reward_ext_mean,0.0
25,train/reward_train_mean,0.0
25,train/reward_ride_mean,0.0
26,train/loss,0.00306145753711462
26,train/q_mean,0.050333742052316666
26,train/target_mean,0.1118895411491394
26,train/reward_ext_mean,0.0
26,train/reward_train_mean,0.0
26,train/reward_ride_mean,0.0
27,train/loss,0.005192301236093044
27,train/q_mean,0.02181439846754074
27,train/target_mean,0.1130094975233078
27,train/reward_ext_mean,0.0
27,train/reward_train_mean,0.0
27,train/reward_ride_mean,0.0
28,train/loss,0.006531639490276575
28,train/q_mean,0.02805561199784279
28,train/target_mean,0.11875680834054947
28,train/reward_ext_mean,0.0
28,train/reward_train_mean,0.0
28,train/reward_ride_mean,0.0
29,train/loss,0.007602747064083815
29,train/q_mean,0.015691179782152176
29,train/target_mean,0.11711208522319794
29,train/reward_ext_mean,0.0
29,train/reward_train_mean,0.0
29,train/reward_ride_mean,0.0
30,train/loss,0.0071851094253361225
30,train/q_mean,0.015601673163473606
30,train/target_mean,0.11906935274600983
30,train/reward_ext_mean,0.0
30,train/reward_train_mean,0.0
30,train/reward_ride_mean,0.0
31,train/loss,0.0046244231052696705
31,train/q_mean,0.03840457275509834
31,train/target_mean,0.12323155999183655
31,train/reward_ext_mean,0.0
31,train/reward_train_mean,0.0
31,train/reward_ride_mean,0.0
32,train/loss,0.006615731865167618
32,train/q_mean,0.018319282680749893
32,train/target_mean,0.11546865105628967
32,train/reward_ext_mean,0.0
32,train/reward_train_mean,0.0
32,train/reward_ride_mean,0.0
33,train/loss,0.007482594810426235
33,train/q_mean,0.02176179550588131
33,train/target_mean,0.11714132130146027
33,train/reward_ext_mean,0.0
33,train/reward_train_mean,0.0
33,train/reward_ride_mean,0.0
34,train/loss,0.004547556862235069
34,train/q_mean,0.031734999269247055
34,train/target_mean,0.11825145781040192
34,train/reward_ext_mean,0.0
34,train/reward_train_mean,0.0
34,train/reward_ride_mean,0.0
35,train/loss,0.0023195771500468254
35,train/q_mean,0.0721270740032196
35,train/target_mean,0.12275932729244232
35,train/reward_ext_mean,0.0
35,train/reward_train_mean,0.0
35,train/reward_ride_mean,0.0
36,train/loss,0.005532846786081791
36,train/q_mean,0.03264933079481125
36,train/target_mean,0.10240969806909561
36,train/reward_ext_mean,0.0
36,train/reward_train_mean,0.0
36,train/reward_ride_mean,0.0
37,train/loss,0.0035438984632492065
37,train/q_mean,0.05274400860071182
37,train/target_mean,0.11281832307577133
37,train/reward_ext_mean,0.0
37,train/reward_train_mean,0.0
37,train/reward_ride_mean,0.0
38,train/loss,0.0021537584252655506
38,train/q_mean,0.06502136588096619
38,train/target_mean,0.09995482861995697
38,train/reward_ext_mean,0.0
38,train/reward_train_mean,0.0
38,train/reward_ride_mean,0.0
39,train/loss,0.0029339808970689774
39,train/q_mean,0.06561268866062164
39,train/target_mean,0.12530726194381714
39,train/reward_ext_mean,0.0
39,train/reward_train_mean,0.0
39,train/reward_ride_mean,0.0
40,train/loss,0.002607922535389662
40,train/q_mean,0.07259643822908401
40,train/target_mean,0.09817327558994293
40,train/reward_ext_mean,0.0
40,train/reward_train_mean,0.0
40,train/reward_ride_mean,0.0
41,train/loss,0.0035732376854866743
41,train/q_mean,0.05616186186671257
41,train/target_mean,0.09420184791088104
41,train/reward_ext_mean,0.0
41,train/reward_train_mean,0.0
41,train/reward_ride_mean,0.0
42,train/loss,0.0028800559230148792
42,train/q_mean,0.07407477498054504
42,train/target_mean,0.09071137756109238
42,train/reward_ext_mean,0.0
42,train/reward_train_mean,0.0
42,train/reward_ride_mean,0.0
43,train/loss,0.002183853182941675
43,train/q_mean,0.07301363348960876
43,train/target_mean,0.09584244340658188
43,train/reward_ext_mean,0.0
43,train/reward_train_mean,0.0
43,train/reward_ride_mean,0.0
44,train/loss,0.0021331964526325464
44,train/q_mean,0.08037222921848297
44,train/target_mean,0.13122758269309998
44,train/reward_ext_mean,0.0
44,train/reward_train_mean,0.0
44,train/reward_ride_mean,0.0
45,train/loss,0.0023932848125696182
45,train/q_mean,0.09650763869285583
45,train/target_mean,0.07467390596866608
45,train/reward_ext_mean,0.0
45,train/reward_train_mean,0.0
45,train/reward_ride_mean,0.0
46,train/loss,0.003980894107371569
46,train/q_mean,0.06896783411502838
46,train/target_mean,0.08034463226795197
46,train/reward_ext_mean,0.0
46,train/reward_train_mean,0.0
46,train/reward_ride_mean,0.0
47,train/loss,0.004927424713969231
47,train/q_mean,0.075057253241539
47,train/target_mean,0.04767826944589615
47,train/reward_ext_mean,0.0
47,train/reward_train_mean,0.0
47,train/reward_ride_mean,0.0
48,train/loss,0.003605999518185854
48,train/q_mean,0.09448042511940002
48,train/target_mean,0.06036490574479103
48,train/reward_ext_mean,0.0
48,train/reward_train_mean,0.0
48,train/reward_ride_mean,0.0
49,train/loss,0.004340684041380882
49,train/q_mean,0.08729055523872375
49,train/target_mean,0.03724435344338417
49,train/reward_ext_mean,0.0
49,train/reward_train_mean,0.0
49,train/reward_ride_mean,0.0
50,train/loss,0.0036770151928067207
50,train/q_mean,0.07412229478359222
50,train/target_mean,0.04205454885959625
50,train/reward_ext_mean,0.0
50,train/reward_train_mean,0.0
50,train/reward_ride_mean,0.0
51,train/loss,0.0020645856857299805
51,train/q_mean,0.09188893437385559
51,train/target_mean,0.06599249690771103
51,train/reward_ext_mean,0.0
51,train/reward_train_mean,0.0
51,train/reward_ride_mean,0.0
52,train/loss,0.0031074967700988054
52,train/q_mean,0.0660783052444458
52,train/target_mean,0.02537643164396286
52,train/reward_ext_mean,0.0
52,train/reward_train_mean,0.0
52,train/reward_ride_mean,0.0
53,train/loss,0.0022475309669971466
53,train/q_mean,0.08312909305095673
53,train/target_mean,0.03915650025010109
53,train/reward_ext_mean,0.0
53,train/reward_train_mean,0.0
53,train/reward_ride_mean,0.0
54,train/loss,0.0024392707273364067
54,train/q_mean,0.07111458480358124
54,train/target_mean,0.06093401834368706
54,train/reward_ext_mean,0.0
54,train/reward_train_mean,0.0
54,train/reward_ride_mean,0.0
55,train/loss,0.002944155130535364
55,train/q_mean,0.06577761471271515
55,train/target_mean,0.05372653156518936
55,train/reward_ext_mean,0.0
55,train/reward_train_mean,0.0
55,train/reward_ride_mean,0.0
56,train/loss,0.0028225798159837723
56,train/q_mean,0.06423987448215485
56,train/target_mean,0.02893408015370369
56,train/reward_ext_mean,0.0
56,train/reward_train_mean,0.0
56,train/reward_ride_mean,0.0
57,train/loss,0.003396452171728015
57,train/q_mean,0.07026530057191849
57,train/target_mean,0.009459124878048897
57,train/reward_ext_mean,0.0
57,train/reward_train_mean,0.0
57,train/reward_ride_mean,0.0
58,train/loss,0.004129322245717049
58,train/q_mean,0.0717206820845604
58,train/target_mean,0.004220852628350258
58,train/reward_ext_mean,0.0
58,train/reward_train_mean,0.0
58,train/reward_ride_mean,0.0
59,train/loss,0.003656904213130474
59,train/q_mean,0.06199454516172409
59,train/target_mean,0.0009168321266770363
59,train/reward_ext_mean,0.0
59,train/reward_train_mean,0.0
59,train/reward_ride_mean,0.0
60,train/loss,0.004088389687240124
60,train/q_mean,0.05690697953104973
60,train/target_mean,-0.020412571728229523
60,train/reward_ext_mean,0.0
60,train/reward_train_mean,0.0
60,train/reward_ride_mean,0.0
61,train/loss,0.003627643221989274
61,train/q_mean,0.063422292470932
61,train/target_mean,-0.003234787145629525
61,train/reward_ext_mean,0.0
61,train/reward_train_mean,0.0
61,train/reward_ride_mean,0.0
62,train/loss,0.001961031462997198
62,train/q_mean,0.04801192134618759
62,train/target_mean,0.0027813713531941175
62,train/reward_ext_mean,0.0
62,train/reward_train_mean,0.0
62,train/reward_ride_mean,0.0
63,train/loss,0.0037162736989557743
63,train/q_mean,0.0609571747481823
63,train/target_mean,-0.008987522684037685
63,train/reward_ext_mean,0.0
63,train/reward_train_mean,0.0
63,train/reward_ride_mean,0.0
64,train/loss,0.002838028594851494
64,train/q_mean,0.06087178736925125
64,train/target_mean,0.03892144933342934
64,train/reward_ext_mean,0.0
64,train/reward_train_mean,0.0
64,train/reward_ride_mean,0.0
65,train/loss,0.0030090436339378357
65,train/q_mean,0.05916009843349457
65,train/target_mean,0.007004488259553909
65,train/reward_ext_mean,0.0
65,train/reward_train_mean,0.0
65,train/reward_ride_mean,0.0
66,train/loss,0.0029841838404536247
66,train/q_mean,0.04254251718521118
66,train/target_mean,-0.010339480824768543
66,train/reward_ext_mean,0.0
66,train/reward_train_mean,0.0
66,train/reward_ride_mean,0.0
67,train/loss,0.00279295165091753
67,train/q_mean,0.043882451951503754
67,train/target_mean,-0.008806617930531502
67,train/reward_ext_mean,0.0
67,train/reward_train_mean,0.0
67,train/reward_ride_mean,0.0
68,train/loss,0.0029320293106138706
68,train/q_mean,0.03509271889925003
68,train/target_mean,-0.029526032507419586
68,train/reward_ext_mean,0.0
68,train/reward_train_mean,0.0
68,train/reward_ride_mean,0.0
69,train/loss,0.0035907658748328686
69,train/q_mean,0.04966089874505997
69,train/target_mean,0.0030825966969132423
69,train/reward_ext_mean,0.0
69,train/reward_train_mean,0.0
69,train/reward_ride_mean,0.0
70,train/loss,0.002643887884914875
70,train/q_mean,0.04372410476207733
70,train/target_mean,0.011271181516349316
70,train/reward_ext_mean,0.0
70,train/reward_train_mean,0.0
70,train/reward_ride_mean,0.0
71,train/loss,0.002190457424148917
71,train/q_mean,0.03424616903066635
71,train/target_mean,-0.004648814909160137
71,train/reward_ext_mean,0.0
71,train/reward_train_mean,0.0
71,train/reward_ride_mean,0.0
72,train/loss,0.0023158362600952387
72,train/q_mean,0.04682967811822891
72,train/target_mean,0.033542368561029434
72,train/reward_ext_mean,0.0
72,train/reward_train_mean,0.0
72,train/reward_ride_mean,0.0
73,train/loss,0.002789799589663744
73,train/q_mean,0.029660189524292946
73,train/target_mean,-0.02448437549173832
73,train/reward_ext_mean,0.0
73,train/reward_train_mean,0.0
73,train/reward_ride_mean,0.0
74,train/loss,0.00490940548479557
74,train/q_mean,0.0513012558221817
74,train/target_mean,-0.014928731136023998
74,train/reward_ext_mean,0.0
74,train/reward_train_mean,0.0
74,train/reward_ride_mean,0.0
75,train/loss,0.0015482627786695957
75,train/q_mean,0.028266727924346924
75,train/target_mean,0.010681401006877422
75,train/reward_ext_mean,0.0
75,train/reward_train_mean,0.0
75,train/reward_ride_mean,0.0
76,train/loss,0.002139037474989891
76,train/q_mean,0.032920628786087036
76,train/target_mean,-0.007839582860469818
76,train/reward_ext_mean,0.0
76,train/reward_train_mean,0.0
76,train/reward_ride_mean,0.0
77,train/loss,0.0020933584310114384
77,train/q_mean,0.01625838316977024
77,train/target_mean,-0.02851232886314392
77,train/reward_ext_mean,0.0
77,train/reward_train_mean,0.0
77,train/reward_ride_mean,0.0
78,train/loss,0.0025374656543135643
78,train/q_mean,0.023093808442354202
78,train/target_mean,-0.02846815437078476
78,train/reward_ext_mean,0.0
78,train/reward_train_mean,0.0
78,train/reward_ride_mean,0.0
79,train/loss,0.001724765868857503
79,train/q_mean,0.03133753687143326
79,train/target_mean,0.028214093297719955
79,train/reward_ext_mean,0.0
79,train/reward_train_mean,0.0
79,train/reward_ride_mean,0.0
80,train/loss,0.002050001872703433
80,train/q_mean,0.008245471864938736
80,train/target_mean,-0.0003261752426624298
80,train/reward_ext_mean,0.0
80,train/reward_train_mean,0.0
80,train/reward_ride_mean,0.0
81,train/loss,0.0025132636073976755
81,train/q_mean,0.029045511037111282
81,train/target_mean,0.013169384561479092
81,train/reward_ext_mean,0.0
81,train/reward_train_mean,0.0
81,train/reward_ride_mean,0.0
82,train/loss,0.0011499603278934956
82,train/q_mean,0.015965791419148445
82,train/target_mean,-0.01100069284439087
82,train/reward_ext_mean,0.0
82,train/reward_train_mean,0.0
82,train/reward_ride_mean,0.0
83,train/loss,0.0016162190586328506
83,train/q_mean,0.013168469071388245
83,train/target_mean,-0.024734199047088623
83,train/reward_ext_mean,0.0
83,train/reward_train_mean,0.0
83,train/reward_ride_mean,0.0
84,train/loss,0.003501267870888114
84,train/q_mean,0.02186623401939869
84,train/target_mean,0.05087866634130478
84,train/reward_ext_mean,0.0
84,train/reward_train_mean,0.0
84,train/reward_ride_mean,0.0
85,train/loss,0.00232178857550025
85,train/q_mean,0.012551924213767052
85,train/target_mean,0.024724720045924187
85,train/reward_ext_mean,0.0
85,train/reward_train_mean,0.0
85,train/reward_ride_mean,0.0
86,train/loss,0.0047515518963336945
86,train/q_mean,0.008667709305882454
86,train/target_mean,0.0706874206662178
86,train/reward_ext_mean,0.0
86,train/reward_train_mean,0.0
86,train/reward_ride_mean,0.0
87,train/loss,0.004647614434361458
87,train/q_mean,0.006768401712179184
87,train/target_mean,0.014550872147083282
87,train/reward_ext_mean,0.0
87,train/reward_train_mean,0.0
87,train/reward_ride_mean,0.0
88,train/loss,0.004012649413198233
88,train/q_mean,0.02850128337740898
88,train/target_mean,0.059570200741291046
88,train/reward_ext_mean,0.0
88,train/reward_train_mean,0.0
88,train/reward_ride_mean,0.0
89,train/loss,0.002722283825278282
89,train/q_mean,0.011842234060168266
89,train/target_mean,0.05365645885467529
89,train/reward_ext_mean,0.0
89,train/reward_train_mean,0.0
89,train/reward_ride_mean,0.0
90,train/loss,0.002562432549893856
90,train/q_mean,0.013638483360409737
90,train/target_mean,0.05028470978140831
90,train/reward_ext_mean,0.0
90,train/reward_train_mean,0.0
90,train/reward_ride_mean,0.0
91,train/loss,0.0028460053727030754
91,train/q_mean,0.005244907923042774
91,train/target_mean,0.029052166268229485
91,train/reward_ext_mean,0.0
91,train/reward_train_mean,0.0
91,train/reward_ride_mean,0.0
92,train/loss,0.004779466427862644
92,train/q_mean,-0.01253088191151619
92,train/target_mean,0.03968791291117668
92,train/reward_ext_mean,0.0
92,train/reward_train_mean,0.0
92,train/reward_ride_mean,0.0
93,train/loss,0.004097145050764084
93,train/q_mean,0.022981498390436172
93,train/target_mean,0.06426052749156952
93,train/reward_ext_mean,0.0
93,train/reward_train_mean,0.0
93,train/reward_ride_mean,0.0
94,train/loss,0.0023519075475633144
94,train/q_mean,0.010498803108930588
94,train/target_mean,0.02526145614683628
94,train/reward_ext_mean,0.0
94,train/reward_train_mean,0.0
94,train/reward_ride_mean,0.0
95,train/loss,0.003539842553436756
95,train/q_mean,0.007367277517914772
95,train/target_mean,0.053717240691185
95,train/reward_ext_mean,0.0
95,train/reward_train_mean,0.0
95,train/reward_ride_mean,0.0
96,train/loss,0.0044267140328884125
96,train/q_mean,0.027418343350291252
96,train/target_mean,0.04605627432465553
96,train/reward_ext_mean,0.0
96,train/reward_train_mean,0.0
96,train/reward_ride_mean,0.0
97,train/loss,0.002813540631905198
97,train/q_mean,6.728805601596832e-05
97,train/target_mean,0.030978070572018623
97,train/reward_ext_mean,0.0
97,train/reward_train_mean,0.0
97,train/reward_ride_mean,0.0
98,train/loss,0.0034267152659595013
98,train/q_mean,0.013238096609711647
98,train/target_mean,0.07817527651786804
98,train/reward_ext_mean,0.0
98,train/reward_train_mean,0.0
98,train/reward_ride_mean,0.0
99,train/loss,0.002827845048159361
99,train/q_mean,0.013665150851011276
99,train/target_mean,0.02603505179286003
99,train/reward_ext_mean,0.0
99,train/reward_train_mean,0.0
99,train/reward_ride_mean,0.0
100,train/loss,0.006381511222571135
100,train/q_mean,0.0058235228061676025
100,train/target_mean,0.09633481502532959
100,train/reward_ext_mean,0.0
100,train/reward_train_mean,0.0
100,train/reward_ride_mean,0.0
100,eval/success_rate,0.0
100,eval/return_ext_mean,0.0
101,train/loss,0.0028212282340973616
101,train/q_mean,0.01709173619747162
101,train/target_mean,0.06351538747549057
101,train/reward_ext_mean,0.0
101,train/reward_train_mean,0.0
101,train/reward_ride_mean,0.0
102,train/loss,0.0032691904343664646
102,train/q_mean,0.028226284310221672
102,train/target_mean,0.08640839159488678
102,train/reward_ext_mean,0.0
102,train/reward_train_mean,0.0
102,train/reward_ride_mean,0.0
103,train/loss,0.002153174951672554
103,train/q_mean,0.018223479390144348
103,train/target_mean,0.038731008768081665
103,train/reward_ext_mean,0.0
103,train/reward_train_mean,0.0
103,train/reward_ride_mean,0.0
104,train/loss,0.002224660012871027
104,train/q_mean,0.02726367488503456
104,train/target_mean,0.04686302691698074
104,train/reward_ext_mean,0.0
104,train/reward_train_mean,0.0
104,train/reward_ride_mean,0.0
105,train/loss,0.002043922897428274
105,train/q_mean,0.015606149099767208
105,train/target_mean,0.02844168245792389
105,train/reward_ext_mean,0.0
105,train/reward_train_mean,0.0
105,train/reward_ride_mean,0.0
106,train/loss,0.0023512840270996094
106,train/q_mean,0.023919587954878807
106,train/target_mean,0.03282131999731064
106,train/reward_ext_mean,0.0
106,train/reward_train_mean,0.0
106,train/reward_ride_mean,0.0
107,train/loss,0.003285573795437813
107,train/q_mean,0.00727052753791213
107,train/target_mean,0.024475745856761932
107,train/reward_ext_mean,0.0
107,train/reward_train_mean,0.0
107,train/reward_ride_mean,0.0
108,train/loss,0.0026606484316289425
108,train/q_mean,0.03876383975148201
108,train/target_mean,0.05679267272353172
108,train/reward_ext_mean,0.0
108,train/reward_train_mean,0.0
108,train/reward_ride_mean,0.0
109,train/loss,0.003462953492999077
109,train/q_mean,0.017470940947532654
109,train/target_mean,0.06765848398208618
109,train/reward_ext_mean,0.0
109,train/reward_train_mean,0.0
109,train/reward_ride_mean,0.0
110,train/loss,0.002687238622456789
110,train/q_mean,0.017920702695846558
110,train/target_mean,0.05574905872344971
110,train/reward_ext_mean,0.0
110,train/reward_train_mean,0.0
110,train/reward_ride_mean,0.0
111,train/loss,0.001631026854738593
111,train/q_mean,0.04539668560028076
111,train/target_mean,0.06951672583818436
111,train/reward_ext_mean,0.0
111,train/reward_train_mean,0.0
111,train/reward_ride_mean,0.0
112,train/loss,0.0012640717905014753
112,train/q_mean,0.0276381466537714
112,train/target_mean,0.05157565698027611
112,train/reward_ext_mean,0.0
112,train/reward_train_mean,0.0
112,train/reward_ride_mean,0.0
113,train/loss,0.002794689266011119
113,train/q_mean,0.03286248818039894
113,train/target_mean,0.08410537987947464
113,train/reward_ext_mean,0.0
113,train/reward_train_mean,0.0
113,train/reward_ride_mean,0.0
114,train/loss,0.001738772145472467
114,train/q_mean,0.04148910194635391
114,train/target_mean,0.05939905345439911
114,train/reward_ext_mean,0.0
114,train/reward_train_mean,0.0
114,train/reward_ride_mean,0.0
115,train/loss,0.0015586469089612365
115,train/q_mean,0.03001406602561474
115,train/target_mean,0.05817420780658722
115,train/reward_ext_mean,0.0
115,train/reward_train_mean,0.0
115,train/reward_ride_mean,0.0
116,train/loss,0.0009583026985637844
116,train/q_mean,0.03668501600623131
116,train/target_mean,0.05834169685840607
116,train/reward_ext_mean,0.0
116,train/reward_train_mean,0.0
116,train/reward_ride_mean,0.0
117,train/loss,0.0018145027570426464
117,train/q_mean,0.04537319391965866
117,train/target_mean,0.07877902686595917
117,train/reward_ext_mean,0.0
117,train/reward_train_mean,0.0
117,train/reward_ride_mean,0.0
118,train/loss,0.0018204482039436698
118,train/q_mean,0.03984423354268074
118,train/target_mean,0.07926850020885468
118,train/reward_ext_mean,0.0
118,train/reward_train_mean,0.0
118,train/reward_ride_mean,0.0
119,train/loss,0.0019437752198427916
119,train/q_mean,0.04845219478011131
119,train/target_mean,0.0802605003118515
119,train/reward_ext_mean,0.0
119,train/reward_train_mean,0.0
119,train/reward_ride_mean,0.0
120,train/loss,0.0017731180414557457
120,train/q_mean,0.034638211131095886
120,train/target_mean,0.06920251250267029
120,train/reward_ext_mean,0.0
120,train/reward_train_mean,0.0
120,train/reward_ride_mean,0.0
121,train/loss,0.0018290567677468061
121,train/q_mean,0.026212122291326523
121,train/target_mean,0.04585014283657074
121,train/reward_ext_mean,0.0
121,train/reward_train_mean,0.0
121,train/reward_ride_mean,0.0
122,train/loss,0.0007559691439382732
122,train/q_mean,0.02843378111720085
122,train/target_mean,0.03274499997496605
122,train/reward_ext_mean,0.0
122,train/reward_train_mean,0.0
122,train/reward_ride_mean,0.0
123,train/loss,0.0015251572476699948
123,train/q_mean,0.05548958480358124
123,train/target_mean,0.040711745619773865
123,train/reward_ext_mean,0.0
123,train/reward_train_mean,0.0
123,train/reward_ride_mean,0.0
124,train/loss,0.0027617369778454304
124,train/q_mean,0.042500078678131104
124,train/target_mean,0.07189404964447021
124,train/reward_ext_mean,0.0
124,train/reward_train_mean,0.0
124,train/reward_ride_mean,0.0
125,train/loss,0.0006989602115936577
125,train/q_mean,0.039750076830387115
125,train/target_mean,0.03738266974687576
125,train/reward_ext_mean,0.0
125,train/reward_train_mean,0.0
125,train/reward_ride_mean,0.0
126,train/loss,0.001564590260386467
126,train/q_mean,0.054707858711481094
126,train/target_mean,0.05686941742897034
126,train/reward_ext_mean,0.0
126,train/reward_train_mean,0.0
126,train/reward_ride_mean,0.0
127,train/loss,0.0010442656930536032
127,train/q_mean,0.05171678215265274
127,train/target_mean,0.04196009039878845
127,train/reward_ext_mean,0.0
127,train/reward_train_mean,0.0
127,train/reward_ride_mean,0.0
128,train/loss,0.0009620571509003639
128,train/q_mean,0.03840436786413193
128,train/target_mean,0.040342964231967926
128,train/reward_ext_mean,0.0
128,train/reward_train_mean,0.0
128,train/reward_ride_mean,0.0
129,train/loss,0.0010475099552422762
129,train/q_mean,0.0378011092543602
129,train/target_mean,0.043815940618515015
129,train/reward_ext_mean,0.0
129,train/reward_train_mean,0.0
129,train/reward_ride_mean,0.0
130,train/loss,0.00134867406450212
130,train/q_mean,0.05518753454089165
130,train/target_mean,0.04055134207010269
130,train/reward_ext_mean,0.0
130,train/reward_train_mean,0.0
130,train/reward_ride_mean,0.0
131,train/loss,0.0013131228042766452
131,train/q_mean,0.050842635333538055
131,train/target_mean,0.03760909289121628
131,train/reward_ext_mean,0.0
131,train/reward_train_mean,0.0
131,train/reward_ride_mean,0.0
132,train/loss,0.001647503930144012
132,train/q_mean,0.05426596477627754
132,train/target_mean,0.038612451404333115
132,train/reward_ext_mean,0.0
132,train/reward_train_mean,0.0
132,train/reward_ride_mean,0.0
133,train/loss,0.0008890443714335561
133,train/q_mean,0.04980678856372833
133,train/target_mean,0.042382460087537766
133,train/reward_ext_mean,0.0
133,train/reward_train_mean,0.0
133,train/reward_ride_mean,0.0
134,train/loss,0.0009747745934873819
134,train/q_mean,0.047345004975795746
134,train/target_mean,0.03618985414505005
134,train/reward_ext_mean,0.0
134,train/reward_train_mean,0.0
134,train/reward_ride_mean,0.0
135,train/loss,0.0019226587610319257
135,train/q_mean,0.041181012988090515
135,train/target_mean,0.04767325147986412
135,train/reward_ext_mean,0.0
135,train/reward_train_mean,0.0
135,train/reward_ride_mean,0.0
136,train/loss,0.0055780354887247086
136,train/q_mean,0.0677715390920639
136,train/target_mean,-0.0035620126873254776
136,train/reward_ext_mean,0.0
136,train/reward_train_mean,0.0
136,train/reward_ride_mean,0.0
137,train/loss,0.0014031243044883013
137,train/q_mean,0.05897358059883118
137,train/target_mean,0.07691502571105957
137,train/reward_ext_mean,0.0
137,train/reward_train_mean,0.0
137,train/reward_ride_mean,0.0
138,train/loss,0.0027839038521051407
138,train/q_mean,0.042262159287929535
138,train/target_mean,0.016871942207217216
138,train/reward_ext_mean,0.0
138,train/reward_train_mean,0.0
138,train/reward_ride_mean,0.0
139,train/loss,0.002612129785120487
139,train/q_mean,0.0530230887234211
139,train/target_mean,0.032947979867458344
139,train/reward_ext_mean,0.0
139,train/reward_train_mean,0.0
139,train/reward_ride_mean,0.0
140,train/loss,0.0033819731324911118
140,train/q_mean,0.04552803188562393
140,train/target_mean,0.010230334475636482
140,train/reward_ext_mean,0.0
140,train/reward_train_mean,0.0
140,train/reward_ride_mean,0.0
141,train/loss,0.001741989515721798
141,train/q_mean,0.05379568412899971
141,train/target_mean,0.02607043646275997
141,train/reward_ext_mean,0.0
141,train/reward_train_mean,0.0
141,train/reward_ride_mean,0.0
142,train/loss,0.003528634551912546
142,train/q_mean,0.04740922898054123
142,train/target_mean,0.05514891445636749
142,train/reward_ext_mean,0.0
142,train/reward_train_mean,0.0
142,train/reward_ride_mean,0.0
143,train/loss,0.0014671545941382647
143,train/q_mean,0.05343429744243622
143,train/target_mean,0.05708472803235054
143,train/reward_ext_mean,0.0
143,train/reward_train_mean,0.0
143,train/reward_ride_mean,0.0
144,train/loss,0.002084331586956978
144,train/q_mean,0.043400783091783524
144,train/target_mean,0.055423587560653687
144,train/reward_ext_mean,0.0
144,train/reward_train_mean,0.0
144,train/reward_ride_mean,0.0
145,train/loss,0.001972681377083063
145,train/q_mean,0.04820619150996208
145,train/target_mean,0.052235253155231476
145,train/reward_ext_mean,0.0
145,train/reward_train_mean,0.0
145,train/reward_ride_mean,0.0
146,train/loss,0.0022816890850663185
146,train/q_mean,0.04385724663734436
146,train/target_mean,0.05075358599424362
146,train/reward_ext_mean,0.0
146,train/reward_train_mean,0.0
146,train/reward_ride_mean,0.0
147,train/loss,0.00163071823772043
147,train/q_mean,0.03704582154750824
147,train/target_mean,0.054218538105487823
147,train/reward_ext_mean,0.0
147,train/reward_train_mean,0.0
147,train/reward_ride_mean,0.0
148,train/loss,0.0023332873824983835
148,train/q_mean,0.04717235267162323
148,train/target_mean,0.08623868227005005
148,train/reward_ext_mean,0.0
148,train/reward_train_mean,0.0
148,train/reward_ride_mean,0.0
149,train/loss,0.002053608885034919
149,train/q_mean,0.05253022164106369
149,train/target_mean,0.052291784435510635
149,train/reward_ext_mean,0.0
149,train/reward_train_mean,0.0
149,train/reward_ride_mean,0.0
150,train/loss,0.002990210894495249
150,train/q_mean,0.04337242245674133
150,train/target_mean,0.05089673399925232
150,train/reward_ext_mean,0.0
150,train/reward_train_mean,0.0
150,train/reward_ride_mean,0.0
151,train/loss,0.0014243349432945251
151,train/q_mean,0.03840504586696625
151,train/target_mean,0.029583819210529327
151,train/reward_ext_mean,0.0
151,train/reward_train_mean,0.0
151,train/reward_ride_mean,0.0
152,train/loss,0.0020799855701625347
152,train/q_mean,0.041153889149427414
152,train/target_mean,0.05396834760904312
152,train/reward_ext_mean,0.0
152,train/reward_train_mean,0.0
152,train/reward_ride_mean,0.0
153,train/loss,0.001911926083266735
153,train/q_mean,0.043264247477054596
153,train/target_mean,0.05398043245077133
153,train/reward_ext_mean,0.0
153,train/reward_train_mean,0.0
153,train/reward_ride_mean,0.0
154,train/loss,0.0017876930069178343
154,train/q_mean,0.04066154360771179
154,train/target_mean,0.02948382869362831
154,train/reward_ext_mean,0.0
154,train/reward_train_mean,0.0
154,train/reward_ride_mean,0.0
155,train/loss,0.001098940963856876
155,train/q_mean,0.046914517879486084
155,train/target_mean,0.04361266642808914
155,train/reward_ext_mean,0.0
155,train/reward_train_mean,0.0
155,train/reward_ride_mean,0.0
156,train/loss,0.003755592042580247
156,train/q_mean,0.0448087677359581
156,train/target_mean,-0.0061131552793085575
156,train/reward_ext_mean,0.0
156,train/reward_train_mean,0.0
156,train/reward_ride_mean,0.0
157,train/loss,0.0022490760311484337
157,train/q_mean,0.04606998711824417
157,train/target_mean,0.05704598128795624
157,train/reward_ext_mean,0.0
157,train/reward_train_mean,0.0
157,train/reward_ride_mean,0.0
158,train/loss,0.002495202701538801
158,train/q_mean,0.03963376581668854
158,train/target_mean,0.04376091808080673
158,train/reward_ext_mean,0.0
158,train/reward_train_mean,0.0
158,train/reward_ride_mean,0.0
159,train/loss,0.004162985365837812
159,train/q_mean,0.04244837537407875
159,train/target_mean,0.03386125713586807
159,train/reward_ext_mean,0.0
159,train/reward_train_mean,0.0
159,train/reward_ride_mean,0.0
160,train/loss,0.004127707798033953
160,train/q_mean,0.03528635948896408
160,train/target_mean,-0.017240941524505615
160,train/reward_ext_mean,0.0
160,train/reward_train_mean,0.0
160,train/reward_ride_mean,0.0
161,train/loss,0.0021766722202301025
161,train/q_mean,0.038368672132492065
161,train/target_mean,0.02585005946457386
161,train/reward_ext_mean,0.0
161,train/reward_train_mean,0.0
161,train/reward_ride_mean,0.0
162,train/loss,0.0030000736005604267
162,train/q_mean,0.0492497943341732
162,train/target_mean,0.03581082820892334
162,train/reward_ext_mean,0.0
162,train/reward_train_mean,0.0
162,train/reward_ride_mean,0.0
163,train/loss,0.0027293178718537092
163,train/q_mean,0.03337372466921806
163,train/target_mean,-0.002917797304689884
163,train/reward_ext_mean,0.0
163,train/reward_train_mean,0.0
163,train/reward_ride_mean,0.0
164,train/loss,0.004233664833009243
164,train/q_mean,0.030622772872447968
164,train/target_mean,-0.036456964910030365
164,train/reward_ext_mean,0.0
164,train/reward_train_mean,0.0
164,train/reward_ride_mean,0.0
165,train/loss,0.003596261143684387
165,train/q_mean,0.04003005474805832
165,train/target_mean,-0.016870329156517982
165,train/reward_ext_mean,0.0
165,train/reward_train_mean,0.0
165,train/reward_ride_mean,0.0
166,train/loss,0.0036770228762179613
166,train/q_mean,0.037447936832904816
166,train/target_mean,0.005875684320926666
166,train/reward_ext_mean,0.0
166,train/reward_train_mean,0.0
166,train/reward_ride_mean,0.0
167,train/loss,0.003644149284809828
167,train/q_mean,0.03568455949425697
167,train/target_mean,-0.021170319989323616
167,train/reward_ext_mean,0.0
167,train/reward_train_mean,0.0
167,train/reward_ride_mean,0.0
168,train/loss,0.0034680417738854885
168,train/q_mean,0.040478333830833435
168,train/target_mean,-0.010840170085430145
168,train/reward_ext_mean,0.0
168,train/reward_train_mean,0.0
168,train/reward_ride_mean,0.0
169,train/loss,0.003955846652388573
169,train/q_mean,0.050100456923246384
169,train/target_mean,0.037264540791511536
169,train/reward_ext_mean,0.0
169,train/reward_train_mean,0.0
169,train/reward_ride_mean,0.0
170,train/loss,0.003975612577050924
170,train/q_mean,0.03507300838828087
170,train/target_mean,0.0018659383058547974
170,train/reward_ext_mean,0.0
170,train/reward_train_mean,0.0
170,train/reward_ride_mean,0.0
171,train/loss,0.0033208902459591627
171,train/q_mean,0.027840793132781982
171,train/target_mean,-0.013145346194505692
171,train/reward_ext_mean,0.0
171,train/reward_train_mean,0.0
171,train/reward_ride_mean,0.0
172,train/loss,0.003226237138733268
172,train/q_mean,0.02687539905309677
172,train/target_mean,0.044547051191329956
172,train/reward_ext_mean,0.0
172,train/reward_train_mean,0.0
172,train/reward_ride_mean,0.0
173,train/loss,0.0029219784773886204
173,train/q_mean,0.024792667478322983
173,train/target_mean,-0.0027151089161634445
173,train/reward_ext_mean,0.0
173,train/reward_train_mean,0.0
173,train/reward_ride_mean,0.0
174,train/loss,0.00331766321323812
174,train/q_mean,0.03586544096469879
174,train/target_mean,-0.005118504166603088
174,train/reward_ext_mean,0.0
174,train/reward_train_mean,0.0
174,train/reward_ride_mean,0.0
175,train/loss,0.0030785775743424892
175,train/q_mean,0.02500832825899124
175,train/target_mean,-0.006228093057870865
175,train/reward_ext_mean,0.0
175,train/reward_train_mean,0.0
175,train/reward_ride_mean,0.0
176,train/loss,0.0021222997456789017
176,train/q_mean,0.030141806229948997
176,train/target_mean,-0.004370941314846277
176,train/reward_ext_mean,0.0
176,train/reward_train_mean,0.0
176,train/reward_ride_mean,0.0
177,train/loss,0.0028883579652756453
177,train/q_mean,0.0296065341681242
177,train/target_mean,-0.0010109664872288704
177,train/reward_ext_mean,0.0
177,train/reward_train_mean,0.0
177,train/reward_ride_mean,0.0
178,train/loss,0.003482202533632517
178,train/q_mean,0.02142919972538948
178,train/target_mean,0.04641537368297577
178,train/reward_ext_mean,0.0
178,train/reward_train_mean,0.0
178,train/reward_ride_mean,0.0
179,train/loss,0.0033801388926804066
179,train/q_mean,0.030533423647284508
179,train/target_mean,0.012990154325962067
179,train/reward_ext_mean,0.0
179,train/reward_train_mean,0.0
179,train/reward_ride_mean,0.0
180,train/loss,0.0023009153082966805
180,train/q_mean,0.013008900918066502
180,train/target_mean,-0.024765726178884506
180,train/reward_ext_mean,0.0
180,train/reward_train_mean,0.0
180,train/reward_ride_mean,0.0
181,train/loss,0.002761748619377613
181,train/q_mean,0.030285591259598732
181,train/target_mean,-0.009680414572358131
181,train/reward_ext_mean,0.0
181,train/reward_train_mean,0.0
181,train/reward_ride_mean,0.0
182,train/loss,0.002680575242266059
182,train/q_mean,0.022859681397676468
182,train/target_mean,0.009378429502248764
182,train/reward_ext_mean,0.0
182,train/reward_train_mean,0.0
182,train/reward_ride_mean,0.0
183,train/loss,0.002832516562193632
183,train/q_mean,0.02104349061846733
183,train/target_mean,-0.001164216548204422
183,train/reward_ext_mean,0.0
183,train/reward_train_mean,0.0
183,train/reward_ride_mean,0.0
184,train/loss,0.0022337893024086952
184,train/q_mean,0.020264239981770515
184,train/target_mean,-0.034788064658641815
184,train/reward_ext_mean,0.0
184,train/reward_train_mean,0.0
184,train/reward_ride_mean,0.0
185,train/loss,0.001315734931267798
185,train/q_mean,0.0043144216760993
185,train/target_mean,-0.007460195571184158
185,train/reward_ext_mean,0.0
185,train/reward_train_mean,0.0
185,train/reward_ride_mean,0.0
186,train/loss,0.0017674536211416125
186,train/q_mean,0.015004107728600502
186,train/target_mean,-0.02494874969124794
186,train/reward_ext_mean,0.0
186,train/reward_train_mean,0.0
186,train/reward_ride_mean,0.0
187,train/loss,0.0012796358205378056
187,train/q_mean,0.011109234765172005
187,train/target_mean,-0.010154685005545616
187,train/reward_ext_mean,0.0
187,train/reward_train_mean,0.0
187,train/reward_ride_mean,0.0
188,train/loss,0.0012390869669616222
188,train/q_mean,0.016127534210681915
188,train/target_mean,-0.011496340855956078
188,train/reward_ext_mean,0.0
188,train/reward_train_mean,0.0
188,train/reward_ride_mean,0.0
189,train/loss,0.0009063156321644783
189,train/q_mean,0.004581117071211338
189,train/target_mean,-0.019369050860404968
189,train/reward_ext_mean,0.0
189,train/reward_train_mean,0.0
189,train/reward_ride_mean,0.0
190,train/loss,0.0017030227463692427
190,train/q_mean,0.007096727844327688
190,train/target_mean,0.013660922646522522
190,train/reward_ext_mean,0.0
190,train/reward_train_mean,0.0
190,train/reward_ride_mean,0.0
191,train/loss,0.0021778717637062073
191,train/q_mean,0.0018917680718004704
191,train/target_mean,0.009110042825341225
191,train/reward_ext_mean,0.0
191,train/reward_train_mean,0.0
191,train/reward_ride_mean,0.0
192,train/loss,0.0007668150938116014
192,train/q_mean,-0.006337327416986227
192,train/target_mean,-0.0157282967120409
192,train/reward_ext_mean,0.0
192,train/reward_train_mean,0.0
192,train/reward_ride_mean,0.0
193,train/loss,0.0021005740854889154
193,train/q_mean,-0.0034967020619660616
193,train/target_mean,0.006934793666005135
193,train/reward_ext_mean,0.0
193,train/reward_train_mean,0.0
193,train/reward_ride_mean,0.0
194,train/loss,0.0026702648028731346
194,train/q_mean,0.024073896929621696
194,train/target_mean,0.04751984030008316
194,train/reward_ext_mean,0.0
194,train/reward_train_mean,0.0
194,train/reward_ride_mean,0.0
195,train/loss,0.0011921720579266548
195,train/q_mean,0.007605507504194975
195,train/target_mean,0.02547989971935749
195,train/reward_ext_mean,0.0
195,train/reward_train_mean,0.0
195,train/reward_ride_mean,0.0
196,train/loss,0.0022521689534187317
196,train/q_mean,0.009168022312223911
196,train/target_mean,0.022826215252280235
196,train/reward_ext_mean,0.0
196,train/reward_train_mean,0.0
196,train/reward_ride_mean,0.0
197,train/loss,0.0025020602624863386
197,train/q_mean,0.005541490390896797
197,train/target_mean,0.05675240606069565
197,train/reward_ext_mean,0.0
197,train/reward_train_mean,0.0
197,train/reward_ride_mean,0.0
198,train/loss,0.0017070890171453357
198,train/q_mean,0.0061511993408203125
198,train/target_mean,0.038950178772211075
198,train/reward_ext_mean,0.0
198,train/reward_train_mean,0.0
198,train/reward_ride_mean,0.0
199,train/loss,0.0018959841690957546
199,train/q_mean,-0.0011920216493308544
199,train/target_mean,0.01279846578836441
199,train/reward_ext_mean,0.0
199,train/reward_train_mean,0.0
199,train/reward_ride_mean,0.0
200,train/loss,0.0016211949987336993
200,train/q_mean,0.011560325510799885
200,train/target_mean,0.022675804793834686
200,train/reward_ext_mean,0.0
200,train/reward_train_mean,0.0
200,train/reward_ride_mean,0.0
200,eval/success_rate,0.0
200,eval/return_ext_mean,0.0
